firstname,lastname,email,is_customer,last_purchase_date,unique_id
RpKgBdkNNHR,TxpjSaDsAAs,RpKgBdkNNHRTxpjSaDsAAs@yahoo.com,TRUE,12-02-2020,2e3d9565dd8906a3c5c969d57a6734e90fe053d19fcd49d389d0439703ec5e15
jzuohvIKhCq,dGWSNWqBXWF,jzuohvIKhCqdGWSNWqBXWF@gmail.com,FALSE,12-15-2020,3eb75cfa7e17b7d603fa9f790795168451c9e626ad5b61fef392434ae0b30317
oXMJFFscrYz,sEBmtFomXvd,oXMJFFscrYzsEBmtFomXvd@gmail.com,FALSE,12-05-2020,0b78895424e316677d50943bff0d276f5bc875bcbbd5a6b54e1ebba84f037582
lSBApMotovm,oSsJQVutrhE,lSBApMotovmoSsJQVutrhE@gmail.com,FALSE,12-24-2020,9e3ed58d7cfead97fadcf96886107ab8729a683fa1bb4273fbbf0647df213e87
vgUcjcNradV,KGmwSXjZpDw,vgUcjcNradVKGmwSXjZpDw@yahoo.com,FALSE,12-10-2020,188c9d2bcb6486ec19296c5613f8fc66d6281c328055aa937f96dfaebf8374a7
QXBjICHhAkP,FYWpUAZpVOe,QXBjICHhAkPFYWpUAZpVOe@gmail.com,FALSE,12-01-2020,bef90c02bc2830612b02c1c3198dd92bbe1537f1b8bdcb4950a9ec7f8d7807cd
UMOqoHMMkGr,BbLUxaasPjx,UMOqoHMMkGrBbLUxaasPjx@yahoo.com,TRUE,12-08-2020,861cea16dbf6e3d0c398da53e7193b85c1d02a55112e609927f2f4849dd049b9
GPvJFgYGecc,lpfofzcQUJw,GPvJFgYGecclpfofzcQUJw@yahoo.com,FALSE,12-29-2020,9f8f8582bd00e3386d08d2dc6ac3035e8778e91e28a72a07639acefe26207b3d
GabjxuPfpzM,eRDpRLqjUOt,GabjxuPfpzMeRDpRLqjUOt@gmail.com,TRUE,12-26-2020,da9af1553373337078861be56e9b66d5c45042d3c14d4836b9069d057f1dd3bd
lOcFIlQmqIL,agpmtBgxLst,lOcFIlQmqILagpmtBgxLst@gmail.com,FALSE,12-03-2020,6d559ecf7f3353f3eb065f7fb43954e3c5417f13cd98e4d1c307d11b275f05c5
GAxgmPdQzqA,CPcExbOtJrc,GAxgmPdQzqACPcExbOtJrc@yahoo.com,FALSE,12-02-2020,bc1ef36f668c12cb988bfd38f2fb0582582c61609395557897bc0a6248be51ea
CVpclQevOVc,RJQEHvBTKli,CVpclQevOVcRJQEHvBTKli@yahoo.com,TRUE,12-22-2020,70423b9faa2e680507a0fd8eb3ece12c06031355658dfdf3e179fbe0841331cf
UytBuzqaTrG,gMSxfplJKkN,UytBuzqaTrGgMSxfplJKkN@gmail.com,TRUE,12-10-2020,e55fc1a0cea2181e61c5e6429b7261deec6f217e342aa615b705dd2b96cbb0d7
PywWpOnFAkv,PHrgmOLHMrx,PywWpOnFAkvPHrgmOLHMrx@gmail.com,TRUE,12-15-2020,d4bea1aee9af93462596fb4d21c73294dc3ef84bf3ddb3c677ff2157e2092029
hQluUPGqZCU,hUgoORgqIZJ,hQluUPGqZCUhUgoORgqIZJ@outlook.com,TRUE,12-13-2020,82cb0538fe585f261a7a6451daa7dfe930f3dd2cbff1566836b0e8667be1485c
ZAGczoYaLKL,nLhqNkOYoHT,ZAGczoYaLKLnLhqNkOYoHT@yahoo.com,FALSE,12-14-2020,b3758667a3f4462aa5d0f6f20050e0b899534cb5701a48bd99ccf1768f1edc2d
XPlFZrrNBpx,qQPbbyRFgzS,XPlFZrrNBpxqQPbbyRFgzS@outlook.com,FALSE,12-18-2020,4d85dd66feb79b4686abac512052ca84b83d7669d8e440ec2fe2f081a8cb7720
pJszWrjQmjG,mstppcDxWQx,pJszWrjQmjGmstppcDxWQx@yahoo.com,TRUE,12-20-2020,5b7fbf99819326c3014a498f9b68beaf0c3c7e7285c6a1944309a457f018ac3f
qkcloaXQAaM,ZkyKYzSCjJP,qkcloaXQAaMZkyKYzSCjJP@outlook.com,TRUE,12-03-2020,52c28a2135af51504eb77835b9ec8ed872e63d758d0150f95613db8bc0bfdbf1
SikkhBFlaUc,YYMLlOmddjB,SikkhBFlaUcYYMLlOmddjB@gmail.com,TRUE,12-07-2020,743f7e231e98cf0403c3ef6c245967bcb774b34e833533c24c804e6102bde095
agYJlMBEVsk,IkkzWlhZIyr,agYJlMBEVskIkkzWlhZIyr@outlook.com,FALSE,12-08-2020,07d7ef409a3a1acbaca6db811f2c4d6e2f3823c6052a0a00626dee81e3b66775
upXzQCFkYAN,pDemZltgdwP,upXzQCFkYANpDemZltgdwP@outlook.com,FALSE,12-09-2020,ba65132ae55f800bf280426bb7badd89f4464d0c2f133b541223b647ccd01d1a
vXWEJWNRgUX,uReCxTOMYAV,vXWEJWNRgUXuReCxTOMYAV@yahoo.com,FALSE,12-27-2020,909afeea342b1cf0b224e88ec75750c22893a27f6e2358f082a7dcd64fa3bb05
AzhGypHBrAS,LWEmaKjXFeq,AzhGypHBrASLWEmaKjXFeq@outlook.com,FALSE,12-18-2020,740b790d5a4c8f87753d51f92340c2fc02d7bfd837d8ea204bcc472edc7bbb3b
JgOkLLafyYf,SOgjjhreDYm,JgOkLLafyYfSOgjjhreDYm@gmail.com,TRUE,12-13-2020,ad8c5fde04fc875b98bb0b5fc6352a277c92e0cbfee9dc7799c8dd6dae98b81d
mLMCMPoEreO,LHWaGEkxuxo,mLMCMPoEreOLHWaGEkxuxo@yahoo.com,TRUE,12-08-2020,3e725b1ebbaa437f83d1a390f0a0ab3bad4cb22887eca96cf009d340177ee9b1
NFIDEJjKrju,UkNLbijKpuM,NFIDEJjKrjuUkNLbijKpuM@yahoo.com,FALSE,12-10-2020,672c4e9473d77e9f2cbef4b92c08adb2ed8b1b29943a5c08a2b69235dcb5364d
jSufMAPuSpE,MoDpiktFTzC,jSufMAPuSpEMoDpiktFTzC@yahoo.com,FALSE,12-20-2020,ffd6c094064005c5df1b5711155ac5a0c5c73c8d81d2654fb5b3603378d59357
XLkAMPhplLy,MmSCLTfdgmB,XLkAMPhplLyMmSCLTfdgmB@outlook.com,FALSE,12-08-2020,4652761bde652656412f89eac425e1ad550b25f2a2bd02f0bd7d13848080589a
mWdbcLWSXTG,TglBsTjAcGP,mWdbcLWSXTGTglBsTjAcGP@yahoo.com,FALSE,12-07-2020,a7be08a0eceeaaafa9fbd4db77e8761e075093d01897f219ecc9c066cb961d12
fIazCUZHFZT,horrYkDzJXk,fIazCUZHFZThorrYkDzJXk@gmail.com,TRUE,12-15-2020,9e601ac574adee2ff9a465d2a4ecdfb3c5687f77db9d6c99e4669fbb09e5aaf5
DLwbKbkPEEm,iBPtDDGEAkG,DLwbKbkPEEmiBPtDDGEAkG@gmail.com,TRUE,12-20-2020,e6c18c9e6c0105f5b757e04b78e915311c5ba83db3165459fbb16387856d195c
EHBOIxnFnnB,rLwyhmgTFVT,EHBOIxnFnnBrLwyhmgTFVT@yahoo.com,FALSE,12-22-2020,b805cd6d7187acb742b562960b1efaece354b2f32dfae68abbb58c17a605e835
aHAXFqsMXGj,FtQYTgtnTQC,aHAXFqsMXGjFtQYTgtnTQC@outlook.com,TRUE,12-17-2020,6eadd70c20241f18189eedc6815025e35162ced80db6504655530edc452795ca
hhVkEJZoMby,hudJJvElztZ,hhVkEJZoMbyhudJJvElztZ@outlook.com,FALSE,12-01-2020,de8c4750e4c7b0f15656450b441dd031cc7fe2db2362ccf334d8e5557240e838
WWgWqgLRQxy,zbfRSOFWDDs,WWgWqgLRQxyzbfRSOFWDDs@gmail.com,TRUE,12-04-2020,734b8e20183326d9b516e39538480e07a454ae428f4b72518e1d564d43da4604
WQkBpEIvNnJ,zYmQfGeRnfG,WQkBpEIvNnJzYmQfGeRnfG@yahoo.com,TRUE,12-25-2020,ac51c0441b3b48b7db41b81df59870f51b6ea8bbf145b729979f10710578092d
mCzxOtbAIye,oApmcPanAZj,mCzxOtbAIyeoApmcPanAZj@yahoo.com,FALSE,12-28-2020,2c8c870c5e768ad8a6ae906f30463756b41c791545e0b0d7817c088c3666bc7f
fshSZiEabCb,RHMsHDgLBfR,fshSZiEabCbRHMsHDgLBfR@gmail.com,FALSE,12-26-2020,d63bcc35715343bf9fc981a208454be2d0c6461d006f690c829b91198c161b21
zRoRPbLPlah,MCqysvgnjKS,zRoRPbLPlahMCqysvgnjKS@outlook.com,TRUE,12-15-2020,f458439d4a2dda543e9d1045cda0b15f221f4eaedeaa6a9aae59b7f9d3a4bfa8
irdzXiFpaWZ,BcqOxaAuNSE,irdzXiFpaWZBcqOxaAuNSE@outlook.com,FALSE,12-08-2020,bbe0515d19e5b6fdad168964a0cc69ac897ec6deb501d93bea5ace369173aec2
dXUjieCODru,xDweAjAKtwx,dXUjieCODruxDweAjAKtwx@yahoo.com,FALSE,12-13-2020,82b669e3d194e981df9868b820e133d24a10b442bde1203ef1317c3604846c79
PcVoZWVCUet,AfLAMBfgWBN,PcVoZWVCUetAfLAMBfgWBN@gmail.com,FALSE,12-14-2020,742f42183772b1ca2440303e2fdea65f2050f1aa1d4a72f6e1ad7637b6dd05a4
wIqeCmsJOSy,iGtRLbBgjlj,wIqeCmsJOSyiGtRLbBgjlj@outlook.com,FALSE,12-30-2020,0d6c2242dcb551bf147eaea8980a62cdebaff12680646b3b9747f015a1150868
MFBFKQeedTL,SWHwVXHwBtO,MFBFKQeedTLSWHwVXHwBtO@outlook.com,TRUE,12-15-2020,1b4d1ec130d01c272f8ce6c55f7f798935abfcc72375bcad1719d92b4f51e29e
ivYndhufZML,xyibLYdhAac,ivYndhufZMLxyibLYdhAac@yahoo.com,FALSE,12-02-2020,7f721eee2d5b2cd924c1bbb0f942659fcbf88a7b9bc794bec576ef4066f90343
gwtRxRTdNNS,EUOyIdXBLgB,gwtRxRTdNNSEUOyIdXBLgB@gmail.com,FALSE,12-22-2020,4ed961331a4427c8f44946e16e648367b87ac57879ab8e6783b760e70e72a71b
yzLOYeIWJUD,XWAoNOtNRCH,yzLOYeIWJUDXWAoNOtNRCH@yahoo.com,TRUE,12-08-2020,2cade65dba7c7a7775c158e6da347f9792a154548e57e32f5f281f7841655066
ulVAqfLjfmD,ajqekWcPdUP,ulVAqfLjfmDajqekWcPdUP@gmail.com,TRUE,12-25-2020,bedc632f619b54d9605d1c79f161457de57c60dbd5cbd19a45570327defdb679
bYfrxgGJeiP,fYvgxVOCtAA,bYfrxgGJeiPfYvgxVOCtAA@gmail.com,TRUE,12-14-2020,d6d80647e7e260dc1080c32ad3809f9b44d76a7649d4ce63ab448e7218986779
nHAAyeabfkr,PalCuLCoHBk,nHAAyeabfkrPalCuLCoHBk@yahoo.com,TRUE,12-23-2020,151347d6c2d3092bdd7437f6c038e4f2dc6eec926d7dbffd7bcd48144b0f580b
AoUWrXtghQB,QpAwqWZIJnd,AoUWrXtghQBQpAwqWZIJnd@gmail.com,FALSE,12-07-2020,8668b45769d7c7192b446f2505e0bf7f14378f25c7cee198dab2d7505bf8bf27
GpJtkqdXlVc,tTXHYvZxuvv,GpJtkqdXlVctTXHYvZxuvv@yahoo.com,TRUE,12-03-2020,ea48d95a944f5e15f90217c8a4adb08e13db2a66089b7337b2a90b1c6fdc5ef8
nkMjcEXUXhn,BUDylRkQcaI,nkMjcEXUXhnBUDylRkQcaI@outlook.com,FALSE,12-01-2020,118e8669a63dd7d7dc56818a8eb410e0e21857db8af096b2240859e7b7f498ca
MnWpJMsaQoC,djeHxkhBYSj,MnWpJMsaQoCdjeHxkhBYSj@outlook.com,TRUE,12-07-2020,0750c6284d1227805505cac1801eaba8a5ff299445293dfe9b35b9162da1eb99
CHokjNZUYSi,MCDJgeXTLVx,CHokjNZUYSiMCDJgeXTLVx@yahoo.com,TRUE,12-23-2020,499e26cae44442e790b8a23d244b6be751d83d84874f6a08d74d8528c91101c4
YWumYaupXVj,fEJgqtmOzsV,YWumYaupXVjfEJgqtmOzsV@yahoo.com,FALSE,12-13-2020,9604027bbd60d2b4a92e549ae97130259f498fcb51c5670ba8d02c32afc71c08
LwbNfyvlLlt,otUOWYUqgXD,LwbNfyvlLltotUOWYUqgXD@gmail.com,TRUE,12-13-2020,4d39436ec170ce4ec18e58b1e0913b4a5cab06bddbbb2889c0d86ed16b548c22
VyXaZlCKlin,GFDAofYGRTp,VyXaZlCKlinGFDAofYGRTp@yahoo.com,TRUE,12-15-2020,bef15762af2b7793d54f20dc9cee98031069a9734cdecacbbc9a6ab06777ef81
XorvrtEVnKF,OYKLKVhjllQ,XorvrtEVnKFOYKLKVhjllQ@yahoo.com,TRUE,12-17-2020,490e8d78d8b6d877a1e346917bc9a379f1abb2edc6fd6846bef40836e6702903
tFDDNRJnHws,KKVtuRvxJiI,tFDDNRJnHwsKKVtuRvxJiI@outlook.com,TRUE,12-31-2020,b6650e7c15fe17902a06b3183dafc0bda5014ed4f1fa86fc9169dd0ace6b8e13
mlcpTFJketF,vMyZfbajboM,mlcpTFJketFvMyZfbajboM@outlook.com,TRUE,12-04-2020,2385cf8e0883cb93a3faa22465023cc33078a15d931c6979158d82d1cb637fbb
oTAPzMwgClZ,whDKpaqVZXD,oTAPzMwgClZwhDKpaqVZXD@gmail.com,FALSE,12-13-2020,d343b5ac2d34a2e6a3883d075a8fa3b5e2f3964d617ef60ea887bec7eba4e506
qBGupzLSehf,TXEFrNZlNzz,qBGupzLSehfTXEFrNZlNzz@yahoo.com,FALSE,12-05-2020,cac36e52b39c913e32c4ce343b6658bcd403f12d9790df1956b55d25dc3ea38a
ZOcfHAgDfZM,RBGYmwiWXnw,ZOcfHAgDfZMRBGYmwiWXnw@gmail.com,TRUE,12-26-2020,bbe2e99f66a734a3319a718b7b94455b84c96dd9e3b250745382a9e4574c54d1
BgJNZYTrawZ,PKYRhkUIQcG,BgJNZYTrawZPKYRhkUIQcG@outlook.com,FALSE,12-21-2020,5a71b53f09bf5505f89031d2acb9c91651655fc1320e9199d11195209c06851a
sVrLaWEOiun,jWXpdgQiGHQ,sVrLaWEOiunjWXpdgQiGHQ@gmail.com,FALSE,12-08-2020,1c70c11fa77ce2cf7c7ddc34db8bfe294a35b49149fca72641c001e2cbca0603
jjLAbITLWtk,dNxZFZMhMGy,jjLAbITLWtkdNxZFZMhMGy@yahoo.com,TRUE,12-04-2020,cc0d04fe5faa2ff6e3ecc4015394d986836eb20ed39e96a8f3241849e37d73e0
wBFTbHSMrQF,rOPSjTwrzTz,wBFTbHSMrQFrOPSjTwrzTz@gmail.com,FALSE,12-12-2020,825b95818f2fc6e56ea593afcc0f437602211e05e7722ccc09a0c798843f8ccc
OwvPMRtSNvi,UPNrnprpqys,OwvPMRtSNviUPNrnprpqys@gmail.com,FALSE,12-31-2020,c00f465e733297cc0ca566e340288329b999a7813dcec50a775959749ae2aa71
uuAquepLIHs,bUqXQQqZVyQ,uuAquepLIHsbUqXQQqZVyQ@outlook.com,FALSE,12-13-2020,82898d0710a24011d261cef05422d0f5f8506a44259bdebcfcfed32e954b93db
HjNCHstPgOJ,abZEgffdaxr,HjNCHstPgOJabZEgffdaxr@yahoo.com,FALSE,12-26-2020,c4d8f632587613dd6ea1bab4413112988c41e633d97741e35a28b7975e6cc695
GKRbqgJSHPd,ipjQLzBqHFv,GKRbqgJSHPdipjQLzBqHFv@gmail.com,TRUE,12-31-2020,f7e7ccdbb948f20f40ed3f74b97921704133f831b17d50faba9475fdab59009d
ycajVghKKSh,PiXbMcYCpJX,ycajVghKKShPiXbMcYCpJX@yahoo.com,TRUE,12-14-2020,491366c1d15d4e37a11b4e5b0cb32bcf9456452ef4db0524d3ffdf1068b783ca
sCzyUhoWhsj,MLZBVqgryOI,sCzyUhoWhsjMLZBVqgryOI@yahoo.com,TRUE,12-21-2020,483b41aa60577d9a2713c37ed15813d5b563d79d50eefb77277dd1ff76035bc3
LbmhwgoKRZl,MkDitGeUIGV,LbmhwgoKRZlMkDitGeUIGV@gmail.com,TRUE,12-19-2020,f6a30753e6715d02f49bcdd4430c88166705c206e1796a918ae664650639cafa
KhIuViTYRLN,tNbRhwrVZBh,KhIuViTYRLNtNbRhwrVZBh@outlook.com,FALSE,12-19-2020,31fa3f099aa2bad40b0a04c6468922e1c05a300020a90b3b9adb79d1761a5e6d
RersOmnRvWF,rdcITJowWzL,RersOmnRvWFrdcITJowWzL@yahoo.com,FALSE,12-08-2020,20782f489d6b1c3dd232a1a086548db63731ae4ad785fb3727835af78425ec8a
DrlJfyUMxgD,PkAJPRBmnoi,DrlJfyUMxgDPkAJPRBmnoi@yahoo.com,TRUE,12-22-2020,7077660619a68c71d8d5e93dbabe98e29b23c5a8bd1afb501519ed934ca3154a
fIVMRLqzZvJ,FPAcXYmtVKn,fIVMRLqzZvJFPAcXYmtVKn@gmail.com,TRUE,12-06-2020,e680146dee88d186359501707ec445346b17cda2663dbe0682c12a3fa473a1d5
lItdtUotifu,gkKbIFogKHT,lItdtUotifugkKbIFogKHT@yahoo.com,TRUE,12-31-2020,26e2e2affe4f6135f59cb88e0b66b5662e8285894f66f40fce78ac790c8b8666
jdmHGLyMztP,QkyBmBsooyo,jdmHGLyMztPQkyBmBsooyo@outlook.com,FALSE,12-26-2020,a5c5d34fb53e912e171391683e12a02f2bf781c1298a9b6d94be9f8c026baa4d
bycfkDhybzY,wYsnqzfnEOn,bycfkDhybzYwYsnqzfnEOn@gmail.com,TRUE,12-17-2020,471b31bc3448b395dcd8d30ca153431e209da8c8ca6b737583a15ad14805dda3
qzICBIyWHuk,ICePKyKMptC,qzICBIyWHukICePKyKMptC@gmail.com,TRUE,12-29-2020,19e4e1671b944d43f52314aba6809771f24ceae66c8d4070e1f1ba52b638b548
RWovDikbINS,bqKATZdQPgH,RWovDikbINSbqKATZdQPgH@outlook.com,TRUE,12-29-2020,4d312a3b18dbd72990d5b111aaa640e2a84d6520e0b32359db1b443dba3a94c0
DCVctunFPRZ,JQFWDnwlKZo,DCVctunFPRZJQFWDnwlKZo@outlook.com,TRUE,12-14-2020,c4e27b6aebad6917236ce7556526d84abf291f387e7d38c75b495b78342a35db
LugEIFUnoMN,uLWtKCnLDbs,LugEIFUnoMNuLWtKCnLDbs@gmail.com,FALSE,12-19-2020,e34908ecfa9c28d2032feb1691bfa7b88891f003428a7c22b0daa0d2c3180c4d
WKTrjBnbJjj,jVgmfzqEVVV,WKTrjBnbJjjjVgmfzqEVVV@outlook.com,FALSE,12-06-2020,625a740fe37dfe199e43f57f218a7d64f387a5e3109ac902f4c2e8c8f54c44ba
DcxedzfhbxW,TVnBjYyHpLQ,DcxedzfhbxWTVnBjYyHpLQ@yahoo.com,TRUE,12-05-2020,0f4b823f12b4bec8e05ff46d45db28ccba9713cc13fb46a399d91bd7ff880b30
KMNBmbzUyfH,ueeYMjjhNXt,KMNBmbzUyfHueeYMjjhNXt@yahoo.com,TRUE,12-07-2020,805f2377e072dcfba5aefcc8114701cf6341a84cad0edc5080af648b11452cae
KyEBiFZxWQl,WqHvFTZPADB,KyEBiFZxWQlWqHvFTZPADB@gmail.com,FALSE,12-20-2020,cf298c38854001bb1856e4a8d94f8f4fa6837f9666f66470e926b460f5f889f5
uNjXMNCDQOG,OhFYdmsYPyF,uNjXMNCDQOGOhFYdmsYPyF@outlook.com,TRUE,12-03-2020,42393328426ff89987dc742d60b9da158ed74912a65504e6050055af4960d3cf
LlGRWFoaaAt,XBJLrfMhuxC,LlGRWFoaaAtXBJLrfMhuxC@yahoo.com,TRUE,12-29-2020,b2737b24ba4926936a2ffac07548e5d5d6d0c7369369770ceedd078caf7f64ac
bnmtKqIMFwP,gAdaijOXHpz,bnmtKqIMFwPgAdaijOXHpz@gmail.com,FALSE,12-23-2020,fc6b45cbf196e6fd80dff3939abbeb9081d0de2feae74324fabc3f5813cb379d
rsSZfcxRBbl,QblaKUbevuJ,rsSZfcxRBblQblaKUbevuJ@yahoo.com,FALSE,12-23-2020,54575496185b6cdd9bc0a02f56f796226982b0dbf564310cc6bf2d1ae57ffc5f
PgvGfmROqOj,nGxVzYoQGnz,PgvGfmROqOjnGxVzYoQGnz@outlook.com,TRUE,12-13-2020,f557c156a1307cfd0f3902b8148d942b53aacda2773ffb20fc8efe991fcb1882
LYAHRQjBWKS,AJQsIImKfph,LYAHRQjBWKSAJQsIImKfph@yahoo.com,FALSE,12-19-2020,091c61be18ad2785cc97f99058be3ff5e3af68a10a127d2243ed6a80234c7fba
DWycMOUqAKu,JJNMUjvXyxU,DWycMOUqAKuJJNMUjvXyxU@gmail.com,TRUE,12-02-2020,6c1a1df779429c69fe3ef91da32525423c083796f58b586bd97a35e484047361
REsZwRhPNjR,SJXbeFrTDPM,REsZwRhPNjRSJXbeFrTDPM@gmail.com,FALSE,12-14-2020,4cdd5aa980dcb0192ee718d26c78d394527f10b035c8a306c40f179d4598762c
nKnLbgIrsgg,DxnAiUfjRhX,nKnLbgIrsggDxnAiUfjRhX@yahoo.com,FALSE,12-15-2020,2d750ce47f07a3b699c8e04e80cc7372e7a46ac4cf334f80b489b2f54462e3e7
ZJVcGlgeluP,rusdGXQwQQU,ZJVcGlgeluPrusdGXQwQQU@outlook.com,TRUE,12-07-2020,2853cf5be4ce1b5537ebec067aad1b6fd9635e389b3200413b8d38e5ed445734
UrLwyopganQ,xZzzrtlGrhz,UrLwyopganQxZzzrtlGrhz@yahoo.com,FALSE,12-20-2020,c181331325263b988051be9ab712a13b01d40447eaa5da63adfb4408337b7994
CRCtXdqEgdP,ChIwQFPXsry,CRCtXdqEgdPChIwQFPXsry@outlook.com,TRUE,12-22-2020,e9f5b55280746862f87af2b1e8786e0d8f11bb1f05d499c229747fe23216ca66
aKSNDgaijsO,emhCVyTWCVT,aKSNDgaijsOemhCVyTWCVT@gmail.com,FALSE,12-10-2020,25f2db4dee664f9d6a966a1a1c4caa94e78e8eeeac59eb26051d73b4157c6f8d
RWgVSxwGxoh,yXLLnlCtfCA,RWgVSxwGxohyXLLnlCtfCA@yahoo.com,TRUE,12-30-2020,5954f4e37ea7fc8e0c3c254b7779d4633ad3ddec88cfaac6609d1d1a1adde47d
FnDoQhYUTld,wYmkVwujfLO,FnDoQhYUTldwYmkVwujfLO@gmail.com,FALSE,12-02-2020,33c2c8755105f800cd1fac674697858a76f91528ee6b9c58e22c8607f23a6745
GChTnPikmiM,EfMCSjiSDnV,GChTnPikmiMEfMCSjiSDnV@yahoo.com,TRUE,12-19-2020,2f777c5cfb359fc222ab2763c819d83a139613250da7ba3f8602b0605175b3e7
bDRvIMRjAKd,hqrbqZNmBSi,bDRvIMRjAKdhqrbqZNmBSi@gmail.com,FALSE,12-04-2020,dce103c765b6cf4b1de3b0fb6c907ff17e7ac39ded86ab4797d47dff0b1f878c
jqNSwqdmQwD,DMkxrchrmql,jqNSwqdmQwDDMkxrchrmql@gmail.com,TRUE,12-01-2020,37904f9518f4583c3349c596676d3087c36d3c9dca54221563322fef53c89b51
IRSHqcMiLdQ,shKvvTMOgNV,IRSHqcMiLdQshKvvTMOgNV@outlook.com,TRUE,12-11-2020,0913e3a06bf4e3784b58ff92ac86b084f143f8a706ac685668fd0fac91380269
UkOjlJMgWBo,yTGobcvRmGa,UkOjlJMgWBoyTGobcvRmGa@gmail.com,FALSE,12-29-2020,d938821fd6038f7434a6d1b9bbd51ed9e6e6e56286cc962e1ab71b2709b9b306
VqdXQIDvWYF,pzIeppTkwRo,VqdXQIDvWYFpzIeppTkwRo@gmail.com,FALSE,12-20-2020,2877371e260bda5efd7ea8832c4ee6d52a45c546b97acb9f8f51c84773bed252
VDMRopBPiDo,efYhrIESovN,VDMRopBPiDoefYhrIESovN@outlook.com,FALSE,12-23-2020,11439a9a003fb1fb00cc547b025cf7371378166d4f901d9488ad05fd1d787681
SQDLJZaFKfO,DgttNliyDLb,SQDLJZaFKfODgttNliyDLb@yahoo.com,FALSE,12-06-2020,2128446636bfa248bc04e0122705e74c3d6046164ada56a95205c4ab08e02e91
uaIzrFiFLyK,rcwCWNBBcom,uaIzrFiFLyKrcwCWNBBcom@gmail.com,FALSE,12-06-2020,f0909f97e757c0c5994cf73e7bf34a12697047b6325737eb61db8747a18dd860
RMgMFRQXDze,fHVKwzvBqnC,RMgMFRQXDzefHVKwzvBqnC@yahoo.com,FALSE,12-05-2020,188b7c07a58e9c9312098f2fefb4a4b503f25f8b7113891c0d5da5ed35c2c305
uiOlHGCUldm,alybBaknIYA,uiOlHGCUldmalybBaknIYA@yahoo.com,FALSE,12-04-2020,fd75a55a5ecdc2aceb845ec918064a2ea74b1aa1183f3399b898adcf2683b642
JPJdbYEQZYs,UdNdRxqwVCI,JPJdbYEQZYsUdNdRxqwVCI@yahoo.com,TRUE,12-07-2020,fbbbcb211be5e4631fa1b4878689cc4362626f4bafabe8697b12f15c5fdc3cc8
yTKTINSRxcK,wmIICISzITP,yTKTINSRxcKwmIICISzITP@yahoo.com,TRUE,12-02-2020,293a4569af5bfaad96743aec799483b860c286eacde4387c08fb139ff092ad49
ZTjdfoVIydf,FFktMviCUmo,ZTjdfoVIydfFFktMviCUmo@gmail.com,TRUE,12-25-2020,5749d4410b5b40e6a7c9aee2e501b9b6bef322c183c199a3e1ebf15df6dcfdb3
eksRpfFifbe,FuzXJCsymDR,eksRpfFifbeFuzXJCsymDR@yahoo.com,FALSE,12-17-2020,1a1eebff4d00ef4d2cbfb99e1f71b23b04d6296206360eff8f03dc1e538f5b9d
TeXjPlIhnAC,iYMMleJQucQ,TeXjPlIhnACiYMMleJQucQ@yahoo.com,FALSE,12-24-2020,75a05187b6900982ddc28fc14cf67163d58bce25470fc866e654e4fb5d26f18d
UsCCtNUEBFQ,AMMXxuUhVfB,UsCCtNUEBFQAMMXxuUhVfB@gmail.com,TRUE,12-01-2020,dd8f099dc3959a57d85aa02fcdb7d5629ca8ea7273ed20c4d91cb99d1b646bda
mNduXbYbBHJ,vWfbhbojlGq,mNduXbYbBHJvWfbhbojlGq@yahoo.com,FALSE,12-08-2020,9ac814124d3e2ae2653f57acce17bea3981d9ac16d7128662b24fced18640424
lrzSwEgiOBA,FdbCuvZbuuh,lrzSwEgiOBAFdbCuvZbuuh@gmail.com,TRUE,12-28-2020,4b802e7bde2608e909d73b6306fcaa4c9106b50438924ba8ac01d11cb1e9ef32
kjUQhNboSpd,huAHVrwKMYQ,kjUQhNboSpdhuAHVrwKMYQ@gmail.com,TRUE,12-24-2020,0c5716337c7f17c6e35685efbe9053d51744b2a82adca8353f3a3051970a05b1
KiEJHtouoyK,eyIJFnbNGdE,KiEJHtouoyKeyIJFnbNGdE@yahoo.com,TRUE,12-28-2020,ce82769d2e1438ca773daf59a8965580ef8c5d1ad3f0ddf2bbdba920ea232520
voKnNivCVha,AKrscOfTyXy,voKnNivCVhaAKrscOfTyXy@gmail.com,FALSE,12-18-2020,46912943bc8bb7c55f92f1646aed177ca5121c320087c379e4b9013fcd140f8e
oxmigQkXOzf,JSuboaXpiFb,oxmigQkXOzfJSuboaXpiFb@gmail.com,FALSE,12-17-2020,059fa7796d50286df07fec02ffd8a30808254956ced1899ba7de827ff93b1479
kPOMBtZCzXc,sWuNVCneQjf,kPOMBtZCzXcsWuNVCneQjf@yahoo.com,FALSE,12-04-2020,ef3cde7c0909734ce5a6ff0f8cff64486e2d43cfba40b4e23ae234c61bcc49ea
dhfdeDzGFgv,VgQkEnzgWzB,dhfdeDzGFgvVgQkEnzgWzB@gmail.com,FALSE,12-13-2020,9db6f23fd0dfab22a2a8a157eadbd501323eac0614f402851e5aef7542844d18
wBiRIBoFYpF,ZnyHikirCZp,wBiRIBoFYpFZnyHikirCZp@yahoo.com,FALSE,12-20-2020,2add0ff7aadafdbc1513d288d628574b240b216b12fafa2222e4a8101f53b626
EXvumeoFpzU,ecxFumlEQya,EXvumeoFpzUecxFumlEQya@outlook.com,FALSE,12-28-2020,7b272590d42329cb6a17638e54e2288519bffb16f344670a68fda5dd9c590991
SncepxJyHyO,ojeGqIKsqqT,SncepxJyHyOojeGqIKsqqT@yahoo.com,FALSE,12-20-2020,729d69bd4415f5eaa2b1cbe8b460af6185ecccb8dc30746b8519f979c3bf04ea
hgPklffJQhq,JWNqSEKRoNC,hgPklffJQhqJWNqSEKRoNC@outlook.com,FALSE,12-26-2020,d61bfd6049f9c4c05fa6e30d348ebacf7c8e55b2209887d7a0ff1b3ffdb959bb
zaTgQwAGivw,imUSGonTKqs,zaTgQwAGivwimUSGonTKqs@gmail.com,FALSE,12-25-2020,c953d9cfa7cd1edae1adfa50d91eafe3878590d284d3aaeb55b66cae7263cafe
wJRTOKvjHGO,DusVfjeBhFT,wJRTOKvjHGODusVfjeBhFT@yahoo.com,FALSE,12-16-2020,cd3e5e79834eaa16992269d2090a7c26e67b6a2f06219b6ddda203d6dceb7949
zvpjrkIfChY,PTlyZbLJDmi,zvpjrkIfChYPTlyZbLJDmi@gmail.com,TRUE,12-10-2020,022fe75d07651c5e3d8c47b92ce304d7d85ca88f4ef87fed3058c5c08c2823e1
jItxxJBWJZO,SiDxFdulWfY,jItxxJBWJZOSiDxFdulWfY@outlook.com,TRUE,12-10-2020,62a99337e8d574009dce7863914046023caa542aef74f1e6bca879bc6ff46927
iqLXLzutjdN,bYxmfXqGYsW,iqLXLzutjdNbYxmfXqGYsW@yahoo.com,TRUE,12-18-2020,b7ec530a30b625fae8f6a64df917695f5b5b9a94d6169d66382b478f619c3055
nMHYbaFkPWs,HqNqQXpOsvZ,nMHYbaFkPWsHqNqQXpOsvZ@outlook.com,TRUE,12-19-2020,b14fbeb1344f88bdbe9e376fc890840c3d709fb569b435ab2a8e179684d3a1ca
bXrotWKCKMe,ROaThHKQFis,bXrotWKCKMeROaThHKQFis@gmail.com,FALSE,12-12-2020,c8f20d9c72c98cf76b6e45d6a58085b7cf07d7d7fcc4eddff5131cf6f9df86b8
lUQUqkoYsEL,XpiKjmkhDVz,lUQUqkoYsELXpiKjmkhDVz@yahoo.com,FALSE,12-13-2020,b475256beda8c2b70c0f289ed0802920d16b4ff46b9bc69ac6f874714bdb49c2
VktdqWCPGJm,cBEhmCwEPaA,VktdqWCPGJmcBEhmCwEPaA@outlook.com,TRUE,12-15-2020,86962c1ab567d10b2eb0cc55536269614aaab55d276fb1f069b5e18c54ec8999
izRXIqcvZJi,OwgGVmHsueb,izRXIqcvZJiOwgGVmHsueb@outlook.com,TRUE,12-31-2020,73d9e867ac18e1af66047f6cfb93b04ca7ba4ffe3e76f9bc013747027c2f41ff
ZYCSOJNxqLP,GwBJTPZEaFr,ZYCSOJNxqLPGwBJTPZEaFr@yahoo.com,FALSE,12-13-2020,6d3299c13babd775af5ed4584fe1362d7df5a6ab76a41a61e8100751d6bc103b
udcdfvLdkcR,vUQFrkGByGs,udcdfvLdkcRvUQFrkGByGs@gmail.com,TRUE,12-17-2020,1e9fd7e1385449ddf41cc263c481c6178cf5e7f85facf16f5d61d4f4f55546d3
BXBlCTKRaKz,uCWDqlsTDfC,BXBlCTKRaKzuCWDqlsTDfC@gmail.com,TRUE,12-22-2020,1132f992dd48bb662e0102305b2fd0ca89496a9bbbc7178cf26d6af2284e35f7
aBwYETUWHUb,IDUWDhqdnqX,aBwYETUWHUbIDUWDhqdnqX@yahoo.com,FALSE,12-17-2020,ca63f9e6cef7d459bfc00246b255d011392210a75e40903cc478f348ea3feb09
nWiKgZDdbUI,FSjfzrCtluz,nWiKgZDdbUIFSjfzrCtluz@outlook.com,FALSE,12-15-2020,a954766a0bbc8a2a90436a67f6030c78e9beac80ac11468fb98aa192f0ebbc9f
hckFBekvrAv,lSsItkQwqZM,hckFBekvrAvlSsItkQwqZM@gmail.com,FALSE,12-15-2020,700e4dc7739ddd81d66ebb704e75e1617424d54e5ada29fe6cc48d157692dff4
uFUtRPOvEMx,WhrKuFLLsFv,uFUtRPOvEMxWhrKuFLLsFv@yahoo.com,FALSE,12-25-2020,f6ce226cff33e2d4c065dbed5ab98f04192b4611fdb0c6da4373fcecc2ac241c
SYUcjOMyvlX,mIxqZJhpPqV,SYUcjOMyvlXmIxqZJhpPqV@outlook.com,TRUE,12-09-2020,ce0a9403b801155e870d39782f612e9cb8bfb8ac84f6343d98d6a4495d5a70fe
QnZDEQktGgE,ihNReaoyqez,QnZDEQktGgEihNReaoyqez@outlook.com,TRUE,12-11-2020,e2df628e67388b98bb832b2b78fe299adbe6a697713394b2491231acd8e2d99d
GoPxJnxEPJw,CUgAyyeoIoX,GoPxJnxEPJwCUgAyyeoIoX@gmail.com,TRUE,12-28-2020,09690d48a061956a315c656e8bcc10421f3a63482b47ab77233c6d65b77765ad
pIdccACjDBu,EvsuQwuAISC,pIdccACjDBuEvsuQwuAISC@outlook.com,TRUE,12-25-2020,5e3d2127e31ce8af64187ec754941665542caae17350a524eb68b8a62f0e30ff
pjrbPuoyBct,sXqnyqDWDoB,pjrbPuoyBctsXqnyqDWDoB@gmail.com,FALSE,12-13-2020,78806ed176db44d5de99743b14f5d8ce0dd8ede0ff94a0cbf41995b79243da51
apgToOLNckg,dXkuuKXAEEX,apgToOLNckgdXkuuKXAEEX@outlook.com,TRUE,12-28-2020,143e05676dfedaaa6663d9d43ba458b4acd37d57723a22634783440af3329f49
OvwwmmtTvOz,hBlGzsDEMCl,OvwwmmtTvOzhBlGzsDEMCl@gmail.com,FALSE,12-26-2020,8f8358bda9b6e5805bfc5db4f273689bcadfd6cb4c50da4586be20c226546cc9
TJRHMLWKioi,hvMAOqhTWMX,TJRHMLWKioihvMAOqhTWMX@outlook.com,TRUE,12-06-2020,8b193397a0234dd682ee9b18a4597e04025f89feeb1052f038632ee14b936b67
ogyruTKjfSX,bumEWTIPyTe,ogyruTKjfSXbumEWTIPyTe@yahoo.com,TRUE,12-02-2020,c051a5c4096087bc1021beef5187885bc245f6a5af1138ade12c52c31edfbc8a
bHGOXzNAXXN,wOqclmOSbUF,bHGOXzNAXXNwOqclmOSbUF@yahoo.com,TRUE,12-15-2020,3ddb89b8d5f317a6e37738d5507cb4ecc17d159b981d63084d4c257f0bf16fd7
BusztQPjebN,jmVzuUnatYL,BusztQPjebNjmVzuUnatYL@gmail.com,TRUE,12-25-2020,cb1346a6fb4cfc1df25fddb60290f3c65a9a95e6cd81662c6d394bbd4e3f2835
JKbqlHwAyIY,IHbLkheDLQa,JKbqlHwAyIYIHbLkheDLQa@gmail.com,TRUE,12-10-2020,3abda186cf554ddfe1fe6feb1a3894af07f232dc6ef9162532d6fdde9de67d63
CBvPNUzAoBE,CNtGvIifvPd,CBvPNUzAoBECNtGvIifvPd@outlook.com,TRUE,12-31-2020,d110813f6dd82beae604880e339734c2ede4de1e7d5fd9c85ff0a0f601445b6a
qdNVwasDECc,tATLOsBscQH,qdNVwasDECctATLOsBscQH@gmail.com,FALSE,12-09-2020,39e500e70aed332314f93db0f65e378df34174962faefb314bb2eea822eedafc
bZwhKfJdXZp,ktXWjGISVkA,bZwhKfJdXZpktXWjGISVkA@yahoo.com,TRUE,12-15-2020,fef3acdd9d453a95df4c230e35b1f965c1a7022554f0277be80fdc30dc52dff2
KNIDozJgXIC,bUuOwsteAor,KNIDozJgXICbUuOwsteAor@yahoo.com,TRUE,12-15-2020,0e9b5b1e366068e4b1ddd915abe234668ca89feaf459bce489601a2ac162e2c3
JDWAuvvEOpU,pYgraNknaiE,JDWAuvvEOpUpYgraNknaiE@gmail.com,TRUE,12-26-2020,691c4df9e3154d7ef8c4016877423f8ea577cab0b9dc052b6ed1557dde6175c8
EqIFFHQpJTy,uRGFYiugLLx,EqIFFHQpJTyuRGFYiugLLx@outlook.com,FALSE,12-18-2020,75ed6d0cf88e3e51b12dd07e4dd04a057b72d80a405bea9f3b4ffeab098d8f36
JMCMPjCEwUR,WhPQyZdDTuI,JMCMPjCEwURWhPQyZdDTuI@gmail.com,FALSE,12-10-2020,5b79cfbbccdbc6aff9def8a3d5e0795d6be440cc0098b6bb906aed53c905fbb7
pOwhTjQSJMr,ybVOGYJyAoU,pOwhTjQSJMrybVOGYJyAoU@outlook.com,FALSE,12-04-2020,2910841a7c89ae2eb0fcd599eb9deb67aa9ee46017681d4bc6a0df10d948c8ff
FzWAJMWLfHN,LEQDoDIaWvN,FzWAJMWLfHNLEQDoDIaWvN@gmail.com,TRUE,12-18-2020,cc9c2f4b48367654bcf433a897322c9a2414d501b4c3e1d9ef25261f065fca82
dGVeLWDFcJL,flzVyspMsmu,dGVeLWDFcJLflzVyspMsmu@outlook.com,TRUE,12-28-2020,005839c845939942f0553cceedc6e998e6cf2b9690435014e550fbf5e25f7fc0
NkQuyegZAAA,SDvUIaiVIXj,NkQuyegZAAASDvUIaiVIXj@outlook.com,FALSE,12-30-2020,872a3f805314c147581b990a109d3c8a76225f949950a20c716762c350c586de
hxGmTfizJYd,TrWgiYgAZWz,hxGmTfizJYdTrWgiYgAZWz@yahoo.com,FALSE,12-27-2020,398d3342b7cd8c2e95b18bc7970ddbebbc3a2abdcfe8853445c98e109d947233
pLjQFzXOuWV,ttLcRQzJoJX,pLjQFzXOuWVttLcRQzJoJX@gmail.com,TRUE,12-31-2020,db34c797ae93fccdcd9c6ea038ae56c5edb32f13f60251508909d59d42225bb4
FKEsAvFzAzU,kiQpoMWkXDF,FKEsAvFzAzUkiQpoMWkXDF@gmail.com,FALSE,12-09-2020,6d1bac595aab6d3b1ded6ae9ab358d0cc5b74f06ded695b5e8cd3166f6590647
rdcpeYNGekh,IXQqhLkBaOS,rdcpeYNGekhIXQqhLkBaOS@outlook.com,TRUE,12-15-2020,d3a0d0227f245cf71088d46ddc74fa574cb02d59c97ff14953b543100ce2ef28
RAtdFWaZKin,oYDVQOQxoIX,RAtdFWaZKinoYDVQOQxoIX@outlook.com,FALSE,12-23-2020,79824c9aa5f909c64a38c78e72f1390a7377dc575a36dae55f0bbfd90428873b
IIELpGKUAuo,UFVJveTjEZX,IIELpGKUAuoUFVJveTjEZX@gmail.com,FALSE,12-09-2020,20bdcdb7013863a5f0dcaca1eff4d5cc9493eeb003834725733b67e6df5e444f
CXlqRjGyohL,veANbspumqV,CXlqRjGyohLveANbspumqV@outlook.com,TRUE,12-01-2020,a85cd2873ad5932f22c33038387c84fd04759aae27eaea947d975e0565e114e8
TtOdoKxmXaQ,sFQqHPVAxEe,TtOdoKxmXaQsFQqHPVAxEe@yahoo.com,FALSE,12-08-2020,6a8bfafc334f106e4da9febcb7e8b38feedde07ab6fd338b7b4b5988979cd704
vUnGgsKSitt,VGdJwGZmOWq,vUnGgsKSittVGdJwGZmOWq@outlook.com,FALSE,12-27-2020,5bd08503b670db37090df155710d035c25be0a0c970bb9b3a3f2bce355af85ab
QyCASzmyCTV,PotkNPjUBMF,QyCASzmyCTVPotkNPjUBMF@gmail.com,FALSE,12-14-2020,3dc3ef68e287297539ace680f890950abdfabd200925e3613de6f5dfa2d2802a
mMOygCKKOUw,YUFmEBcFXKu,mMOygCKKOUwYUFmEBcFXKu@outlook.com,TRUE,12-22-2020,057381e529179ef049c523b1de3584a20af07e8117f37f46f50f86c00473a6ae
wWFKplgAjkO,vtImiiOsAAN,wWFKplgAjkOvtImiiOsAAN@gmail.com,TRUE,12-27-2020,6f6ada61e921bf06850b3885d440f55b4f2b55e29ffe3070c439ebc2d02fbe0c
BnNknBgySPi,uSkoAjpMpvD,BnNknBgySPiuSkoAjpMpvD@yahoo.com,TRUE,12-28-2020,641daafa9f77cfb8b1ee95f842a0b55dd62e3fe80e409c7dc77d3c6310773647
TBOrJxWaoKH,jfZhPhDKKnJ,TBOrJxWaoKHjfZhPhDKKnJ@yahoo.com,FALSE,12-29-2020,89a077726163d112731ca1e9b21633e300a6d5bf298680d38ad427cb482ed750
ZAiWsmffXnc,stuXFtuRMGA,ZAiWsmffXncstuXFtuRMGA@outlook.com,FALSE,12-05-2020,40634c5af291140622280712575219b5f7bb17099167ae1d28f2e065eed5a25f
lXtRoXzZbya,tJuOBlugcJC,lXtRoXzZbyatJuOBlugcJC@outlook.com,FALSE,12-08-2020,cee905000f5c6c3dfc67ab2c3ae09de65a2bdde436f21c91dead642e87c98b09
SSPWhqlpJYo,MPjEzdFEUlj,SSPWhqlpJYoMPjEzdFEUlj@yahoo.com,TRUE,12-03-2020,64f3720d518279926bbc43dc48a44b20b12126eb522e1fd9f671fc7cfd587750
AKpYUzVwHRa,pqXMGAdZmve,AKpYUzVwHRapqXMGAdZmve@outlook.com,FALSE,12-21-2020,5a6dd5be6969a482d5a61f834143d89f0454ed4aecd5aab7bdbe33befb9170dc
pyKBixDEBfk,BZjsEYVGVsI,pyKBixDEBfkBZjsEYVGVsI@gmail.com,TRUE,12-29-2020,9cdc4027f46863a84400f376777d8603e8008089143a385da5c298b430b3e513
hdYWhQAmQGk,KYtPcpVXPVm,hdYWhQAmQGkKYtPcpVXPVm@gmail.com,TRUE,12-27-2020,35cdd183274556736597d1e69f8ea103080d4cfd6c8029f4a6175d0465c42ff0
tiqODXxAbAE,jkpoJfgQOKT,tiqODXxAbAEjkpoJfgQOKT@gmail.com,TRUE,12-27-2020,fc8b431bd8e5162446d9b6b97d7c2a5c1ffc6be496858a30203ced6baea4222b
CnxVPXoNcGV,clsoqjwEgjU,CnxVPXoNcGVclsoqjwEgjU@gmail.com,FALSE,12-31-2020,9190b43d6f59c31975a4ef5450c50862e31ebf0d074d494383625860968fb22e
cOOYrUOKeAX,ttshUoFkYnF,cOOYrUOKeAXttshUoFkYnF@outlook.com,TRUE,12-16-2020,33bcef6369f4334c24c61a965a05bd7c85ed394d97fe2d3be079d1deac29fb7e
KZtuogXYzmU,FJlNSHAbuWR,KZtuogXYzmUFJlNSHAbuWR@gmail.com,TRUE,12-26-2020,4cb3a1b854f8f1e95e197325c116335033bf95c74fe1512901222c0cf9f62bc5
JoKdfsYgiqq,xarBOlHVcZC,JoKdfsYgiqqxarBOlHVcZC@yahoo.com,FALSE,12-29-2020,f6a42b3b9869e3d55c495be9ab8784c7434e17e85ebe647afe6534efb2bc9db6
XMPUJPJCIcN,DWpUzdFxIUb,XMPUJPJCIcNDWpUzdFxIUb@yahoo.com,TRUE,12-20-2020,9d91df647fdac9ac90dc6e227ca9a18050a57df1ee01ae121c645567c4092000
HMZHiXJkyil,FYAyNTjRhdG,HMZHiXJkyilFYAyNTjRhdG@outlook.com,TRUE,12-21-2020,628d293455460f9031a1d3e7587dbc746774665b46ec205d827d850119e46089
QaSXAYjQnkm,XDMEkuFdwZW,QaSXAYjQnkmXDMEkuFdwZW@outlook.com,FALSE,12-30-2020,bd7dc11672c51cdc72a0756e2ba5a8d01a0dd8f1e359b3011713a25a7b8f9c8f
GOgDYCIFAYj,VpRrXTOXOEQ,GOgDYCIFAYjVpRrXTOXOEQ@outlook.com,TRUE,12-16-2020,0f5eac0f7f0cc3e0f206aaaf2417154033101265be5cfd50dc0e4942c52d0878
XuvgbVVqYmf,bXLWEEUYpQl,XuvgbVVqYmfbXLWEEUYpQl@yahoo.com,TRUE,12-08-2020,da88a35c3a0c661244e40e0b052da8bb3e5d8f177a9c65ec7336b3c330046c04
oQEyrOEtIPo,PWKWRssYbma,oQEyrOEtIPoPWKWRssYbma@gmail.com,FALSE,12-11-2020,881a8c86b2d46f9bbf493c9142d9673f1edd8d29b7d96dbdf8a63808cbaad750
OVutOydJqGD,otLIktWKjYd,OVutOydJqGDotLIktWKjYd@outlook.com,FALSE,12-02-2020,268d7677227558e462f8c51fc8a3586a561865795a08d2b0d333aa64f6e0ed46
DWPjcJjevYM,gYOGNuHMszS,DWPjcJjevYMgYOGNuHMszS@outlook.com,TRUE,12-15-2020,e7f20b12e843f8873ee2a6055cd76a8c04432761581ee73ed1fd59a277e6b536
LYQObdKMqZO,RMkPDGGPVnd,LYQObdKMqZORMkPDGGPVnd@outlook.com,TRUE,12-14-2020,047ee6061d03c9e9f8ed647fbba0a20882b521fc59f37e77b7fbb131b8f74a22
WVgTGBaqjCN,xrbgQmRRtPw,WVgTGBaqjCNxrbgQmRRtPw@yahoo.com,TRUE,12-11-2020,809e7cadeee0da563bdbe5d114bcb3fafa38e9115ef3118401978e769988b761
hPCsdlvDScx,wMsRnLjDFQO,hPCsdlvDScxwMsRnLjDFQO@yahoo.com,TRUE,12-18-2020,a979ca23cefa45c73dff5f21b28b3fb5c73fc6edfbeaa9cde4c435ab505fed29
UEFnYLsbJGV,caEevoKxwaw,UEFnYLsbJGVcaEevoKxwaw@yahoo.com,FALSE,12-18-2020,b478cd82e864e4410c8c68f9313910a6f0864bc6d3338238fb5fbc979e7ce3cb
gVjgOOtedvJ,wnCXBzlaDHn,gVjgOOtedvJwnCXBzlaDHn@outlook.com,FALSE,12-15-2020,da10aba527bffbf9d0068ede4fe30dea7dfd120fccec4eb978bd3ffb916978e0
UoachoHeWCC,VvlwWoecGzd,UoachoHeWCCVvlwWoecGzd@yahoo.com,TRUE,12-11-2020,7afbb42a4490e1d4c9bdd046eaacb535ebafdf5bdd0e42d3263c37bf82495681
JXlXbnwrPqh,lJPIMSzCWTz,JXlXbnwrPqhlJPIMSzCWTz@gmail.com,TRUE,12-28-2020,7c5f6e497980c8ba3c23b993755c5a5c0b9629c8d65cdc7613d440d75da52d2a
zLreUhkoYKq,ZZuQheMcxFj,zLreUhkoYKqZZuQheMcxFj@gmail.com,TRUE,12-06-2020,67fbf2a2f26b5c31e27f9aa6a17623e7eacdb253cc0129ecb2db273c7a137a2d
AdAqeZdDQOT,FgsVuZhGEUR,AdAqeZdDQOTFgsVuZhGEUR@yahoo.com,FALSE,12-09-2020,b47ecca90fd78677db3464ddd9636a849c50541a30be5d2ef294fbf5a0974f19
IjzczAnsIzG,AONtQyGnPGr,IjzczAnsIzGAONtQyGnPGr@outlook.com,FALSE,12-06-2020,9d026b979710824c73fdec99846e1868c970531824ec3b7463d8f7b681083439
dOcbbOEEjRm,RkaYDlpAenO,dOcbbOEEjRmRkaYDlpAenO@gmail.com,FALSE,12-11-2020,a5278180bfe1bc66ed690d284108df5d16e43f4e47118c307275bc044deab150
NJYgIKOwRou,boclEgBWgiF,NJYgIKOwRouboclEgBWgiF@gmail.com,FALSE,12-21-2020,04a0ee4672cada1b842d86f6a547e300657d7d0cceeaef91ccd2ae7a4b921afe
UbWCyhyTawx,xcplAtYXeUI,UbWCyhyTawxxcplAtYXeUI@yahoo.com,FALSE,12-13-2020,fdf898e2e2073438468dd50f076115da33d61eecd04dfb0c0759b47123f68c12
jnyvsqlMFyE,OMcPfaOlBXw,jnyvsqlMFyEOMcPfaOlBXw@yahoo.com,FALSE,12-04-2020,21a9155900d03cbb972e2d87a8edf49bcd881f1151ca8aa54eaba6bd10b4df4f
yWUnuGUmWEt,HlXUnBxKExK,yWUnuGUmWEtHlXUnBxKExK@yahoo.com,TRUE,12-21-2020,ff48d50f84ade48961f95f471524ec1fd77a48e36cb1ab209fbc04a7a2a031f0
gCsVsneMEJs,budFfYICqBZ,gCsVsneMEJsbudFfYICqBZ@outlook.com,TRUE,12-27-2020,99c65ee1f9ac4543f35785c9333c4d8247bc4d5ebbb1c24ae8fa8f255725c746
luHflYmFrob,WlbGKUYZsZG,luHflYmFrobWlbGKUYZsZG@gmail.com,TRUE,12-12-2020,8c72b11e6962fd3ee46c41666a5c83b0df358b53ba72ccb81d7afcf5ee6ba22a
CnFLeCFeIuE,cUnPvRbWQjB,CnFLeCFeIuEcUnPvRbWQjB@outlook.com,TRUE,12-01-2020,52b59728579137c5b3db3813fbeca10cbca47f25ede1e5e3c8f703651dc9730e
MfQtNDKCEha,udUNSXiCxWg,MfQtNDKCEhaudUNSXiCxWg@outlook.com,FALSE,12-15-2020,e3a1f8c96182bfd0883480930fefe6a263a8f07c592000626eac3fe8634d83b1
tEYTuyaWxii,RlzNPrZCgox,tEYTuyaWxiiRlzNPrZCgox@outlook.com,FALSE,12-07-2020,537cee17cd1d87065503111888516f4449527470dd629850edb0b2165f533b88
wqxpBMTKiKO,dphDdGjTHPi,wqxpBMTKiKOdphDdGjTHPi@gmail.com,TRUE,12-11-2020,8488b5d26d540db7cc1cd0d575dae1fbed8a280f3d4882b59722b3978ad1108c
hajAnoiZwpT,vcgklGXbVgO,hajAnoiZwpTvcgklGXbVgO@yahoo.com,TRUE,12-14-2020,40d8bdf09518008fbbf243987769434ee7986b8e35b676c78eddfae646754e82
OLAkhAkZCKf,jYKVQjWFycc,OLAkhAkZCKfjYKVQjWFycc@outlook.com,TRUE,12-29-2020,c199101ae1a1149a2afb2954793014a06836a74682b18c8f66563126061afd8c
zNTKrEdHSAj,iCMvJlGjvUq,zNTKrEdHSAjiCMvJlGjvUq@outlook.com,TRUE,12-18-2020,d9a81bde7dedd18d17e8e1d6ff6e2267f56dfb4326b08305f5af4c48fffb964c
HMorJwbCRlm,PPeqHZusILX,HMorJwbCRlmPPeqHZusILX@outlook.com,TRUE,12-28-2020,dd6afac9b7cb99e8822225a5c368a8729573223278a802b36ebb23d2c2b7a52f
lQJnDJQGwJB,hNGKjhmaYQi,lQJnDJQGwJBhNGKjhmaYQi@gmail.com,TRUE,12-14-2020,ef9dffe40224b2d07a640448017df4a064f3b04ec87ec9f41d0a2fa05019f43e
MpLiehbCLKy,BHtNjksOfcz,MpLiehbCLKyBHtNjksOfcz@gmail.com,FALSE,12-31-2020,95db415430be0cc5b8a99199bc3ddf5b23f8d22c38450c8563e9caf2537796b4
bVPaDgupxxm,EKXfpacgCmY,bVPaDgupxxmEKXfpacgCmY@outlook.com,FALSE,12-01-2020,a4c8a6f4a1af620319deb65c9b753ca3f305fc13d8370c45218d0e3fe9d987ee
wIdBryNNcLX,DRjGrpCjLVo,wIdBryNNcLXDRjGrpCjLVo@outlook.com,TRUE,12-14-2020,4d541b0e6ae01388d4429ebe5fe0ee9d37c8332d08cbffbce5e894bf55fd5438
OnXsDkYSLxR,pvJvbjvRetk,OnXsDkYSLxRpvJvbjvRetk@outlook.com,FALSE,12-19-2020,cf152452d92520f0192efb8c36ff8d5a8af53604abbf14b956ec7252e5eeecf2
xaKRmJVSGdc,YzdLXQJQICG,xaKRmJVSGdcYzdLXQJQICG@yahoo.com,FALSE,12-15-2020,d00b153977d3bb676d118f4857f1b1dd8d00b550cedaad45e5075ba27941fa56
ANmvVbzlXXr,VqGGxxfxGBs,ANmvVbzlXXrVqGGxxfxGBs@gmail.com,TRUE,12-28-2020,e017ab93123f3f7a018e100076cd3f9a254b80fa8c4a3d60fdf2924e0cd45ac7
sbqnILJIXsp,mvwYNEilhQr,sbqnILJIXspmvwYNEilhQr@outlook.com,FALSE,12-30-2020,76c8bf0ea2bff24fd651620395fc5fdbba3b4b51b42f2c8d079611a75d785f4c
GpRVmgftFqY,RGnjVckCmTb,GpRVmgftFqYRGnjVckCmTb@yahoo.com,TRUE,12-25-2020,e320ee033db75d4f800d0126f0946aa2ec92ca468c69fd2d910a48c5f2df3e75
QYvTcJwkYDX,cQkYAKOPHxE,QYvTcJwkYDXcQkYAKOPHxE@yahoo.com,FALSE,12-22-2020,d092790b2c4edd1ba6fa7ac3a194b8c5685d2aa78c0a3aa166b6da67826bc89e
MInyYboGxJo,rqFvfZQKKdy,MInyYboGxJorqFvfZQKKdy@gmail.com,TRUE,12-14-2020,5e67a506d9de8b3e8071a136c4e941b050313c1f00ae92cae15ed63f3b2c2c3a
qehDHcRFIPw,uAWwesHtild,qehDHcRFIPwuAWwesHtild@yahoo.com,TRUE,12-22-2020,b42cd43c2d1f644fe3e8984b15e561c402f6b1197166d933016da9782392f62e
EIISvXhVuDD,qcHPGPkJXcw,EIISvXhVuDDqcHPGPkJXcw@outlook.com,TRUE,12-15-2020,41f2728307aa660f430f41e085822b709578c1f3f4b18d08bf4df4a097a0a13e
tPrEXxoflKn,fxfSzDABVFe,tPrEXxoflKnfxfSzDABVFe@outlook.com,TRUE,12-07-2020,376abc7814ceab7859b51433e151e29e8cf02844b2cdafdda774df4f043c87dd
YDdJOKlmBLD,MFhoLQReUcJ,YDdJOKlmBLDMFhoLQReUcJ@yahoo.com,FALSE,12-29-2020,f67a8fad1300a224564381203752b24805c88077c99c57f94c23d388e56b7eb4
VXdDHYVPJSH,ysCncefuBBB,VXdDHYVPJSHysCncefuBBB@gmail.com,TRUE,12-02-2020,0e78d3b3b14a81cd10d66a99434121528925ef722829757f9d4a247623d970e6
apJppECkHKk,DnglnojKSMs,apJppECkHKkDnglnojKSMs@gmail.com,FALSE,12-15-2020,a42d13866b6c13fe279f26e2eb9109999624921fe7144428f5c8e84273e08aca
WgUHJvDyOGT,EtsjWbJMdWZ,WgUHJvDyOGTEtsjWbJMdWZ@yahoo.com,FALSE,12-14-2020,092ea386fc656acf242829c33e538e1980b508285ea5da436364cbc6a9af88d1
tPTXVWfbGMg,fmuoKzGIaSV,tPTXVWfbGMgfmuoKzGIaSV@outlook.com,TRUE,12-09-2020,4480ac15211ee8ef0ec57ed53c3aec317218a8c694b353135e0c1faad304e2c3
KMloczrPBfS,LuYlremkOVJ,KMloczrPBfSLuYlremkOVJ@gmail.com,FALSE,12-03-2020,a8ae681640139313b0dfcded1c399328079a4ac92cad115d48f097f98b4aecdd
nuXkoZtxVbp,UjQUmYzZwWS,nuXkoZtxVbpUjQUmYzZwWS@gmail.com,TRUE,12-19-2020,1d960ed268383b7f990218e0e89d8b77823541cc81e5a3a12a1adb5afc1a29f4
FFcwRWxeLSa,GMmbmfbqxvj,FFcwRWxeLSaGMmbmfbqxvj@gmail.com,TRUE,12-12-2020,1709e177a1c9b3e36127bf425cf066a2d436f6e76db3942fdfb227731143aa80
RKOaglapjzP,hOJEwbpVNDl,RKOaglapjzPhOJEwbpVNDl@outlook.com,FALSE,12-08-2020,fdeeb3eceb1ed35e6cddccbf6379478ca0c1d5b77467541840798d8f09f8ee6b
KHdligCvPTn,oKaVZGVZtSt,KHdligCvPTnoKaVZGVZtSt@outlook.com,FALSE,12-04-2020,661fba5e29d485d5cca09508425d9fd656d8fb8028fd10cb5f20d78a7c9ba86f
QwZpcXKdoNl,lCSCkWRNCzp,QwZpcXKdoNllCSCkWRNCzp@yahoo.com,TRUE,12-23-2020,5df5faf1df8abd8f1455a5069d1071061922d5c448625bdaf8802074a912579b
tlMRueddoYp,NAldhHvbjwj,tlMRueddoYpNAldhHvbjwj@outlook.com,FALSE,12-20-2020,903e19ed120e6e800b7dba8c7063e2dc694bfb3a6cc6c263b0dafc2cf8bdb7ff
NXHKqJPWUQM,atBiXfRcgbD,NXHKqJPWUQMatBiXfRcgbD@gmail.com,FALSE,12-26-2020,49d1fab8c15e967e60d607a626bcca7dcb95f09c5c97f9c23c9c9ba94c5eb024
jTyDlpJoMmq,SsSRihjwHdG,jTyDlpJoMmqSsSRihjwHdG@yahoo.com,TRUE,12-26-2020,8572b84b3bc74f28228b99b71bce9caaf689b76d9f751acc1781bc098a02f979
DAUEYVMydNT,IvrUmfZdham,DAUEYVMydNTIvrUmfZdham@gmail.com,FALSE,12-29-2020,77367c405ee42f91c7c7e92328ba33776abdd86689fad3cca7bdad857ba88eef
WBpBNBwjOBZ,plCbdkIdGMy,WBpBNBwjOBZplCbdkIdGMy@yahoo.com,FALSE,12-10-2020,4d5f326cacac4df1b565f22a0d53e245faa90d6e662abe3370dfe32e64a23753
wUBWgyggHiG,JkycORypGrV,wUBWgyggHiGJkycORypGrV@yahoo.com,TRUE,12-05-2020,248162e6f57bb9293886e3c3b6ab8eed155c7d103f426c19c4ca506ea4fda541
caYxsXfEXUT,QRpJlAkukKL,caYxsXfEXUTQRpJlAkukKL@outlook.com,FALSE,12-01-2020,3f0198ee653d9a0d37b5d811e5bc159ec18addc76b942dcf86fb8f1beddb6b62
UzSHfuOTEYE,cOUQqEsTooc,UzSHfuOTEYEcOUQqEsTooc@gmail.com,TRUE,12-14-2020,e34e2e7ab8c6ee2fb85c848e6a47d274dfecc28a86862eae1721437f72933f57
bgnyNWMhDoF,RLxzeglHZsX,bgnyNWMhDoFRLxzeglHZsX@yahoo.com,FALSE,12-14-2020,41441ed38ab41d18cfc954a4b34b7cbf1d6532af4b466fbffed51a4c2f82fe23
OdxOAIXPqmh,WbxSWvQEeWC,OdxOAIXPqmhWbxSWvQEeWC@outlook.com,FALSE,12-18-2020,93268e86c09b9136bf3f36573d5e6d95663f8e6958c6f5c0f50214d4630bcea2
cbsLudYUpGx,pmzNedshyiE,cbsLudYUpGxpmzNedshyiE@gmail.com,FALSE,12-16-2020,fab80c62dfff070b0fa5c78a153d3da2f17b5751a2f527de6daed2c0eefd3a4a
srrFOabQtbd,mLoMOEfOaZT,srrFOabQtbdmLoMOEfOaZT@outlook.com,FALSE,12-23-2020,6587821872c1203139538b626abccf6e6fa28fe022b37866c5295eb13204e918
VwTRlWAUqBm,AjLZkgpLjEd,VwTRlWAUqBmAjLZkgpLjEd@gmail.com,TRUE,12-23-2020,7aa8403f08ff95afd04b2924fd9ba47056853e66204537bcd95cf5809d62107f
AJvqTqjEuNW,eILjSpucMwJ,AJvqTqjEuNWeILjSpucMwJ@gmail.com,TRUE,12-07-2020,e3090edf9cde4792a9c136d959897713b378f1351737088a4f3cc0387446d36d
aviXUJWAcbP,SivqTnfNxpv,aviXUJWAcbPSivqTnfNxpv@outlook.com,FALSE,12-23-2020,da639cd1b83fc1569e0fafeadc230ceaabfc55a0f26f44235b2f9a59fd0f59fd
viPJyrasiVg,edsSdAFewyK,viPJyrasiVgedsSdAFewyK@gmail.com,TRUE,12-03-2020,62da84a5884bfe7d0e757cda339111ff23a3bc7c4cf459a038d0873f27d8d521
tZTzCKjHgoI,zMedpdjAkUR,tZTzCKjHgoIzMedpdjAkUR@yahoo.com,TRUE,12-02-2020,b865d082933ce01394606dda0f0cc4c6e38bf8624bfc8a617653a4eb2ada6926
vTFgjGrZkRm,HoVUQFSwWXi,vTFgjGrZkRmHoVUQFSwWXi@yahoo.com,TRUE,12-28-2020,2ed164a306279d6c1cff722b9cadf8b44a00257fe913b8b986fbcae6380250c3
pBpqcKtvHtM,CTFuFyHZdQg,pBpqcKtvHtMCTFuFyHZdQg@outlook.com,FALSE,12-12-2020,36690eac99297905ce97ecc2f914966d25d20e1f157b179614887f7b76b15c97
VeBognWMolj,JrQDriGHGPp,VeBognWMoljJrQDriGHGPp@gmail.com,FALSE,12-21-2020,26df503f414ccf3e422bd5bb1603db5df001e85b720bf310673595bc04952371
zZuEgRVFREm,xWOZTqTfRtc,zZuEgRVFREmxWOZTqTfRtc@gmail.com,TRUE,12-08-2020,7aa457c95d6e872fab20eef05e754f853e0e2205da2907287c6b0dd0369901de
nNDeSSlVmQg,OzvfDAKAiYy,nNDeSSlVmQgOzvfDAKAiYy@yahoo.com,TRUE,12-04-2020,7ea5dfc634755cb01697642e6775f1636ab4662a6f7b02468831fb9398c0031c
uuAFLMdZKqQ,QrJhxzoGUco,uuAFLMdZKqQQrJhxzoGUco@outlook.com,FALSE,12-15-2020,d21ceed7476f4f7cd0faa8546321ac042cb9869c0aa3900ef306b6c8d71b156a
qPZsAtGCMtT,fzxdGySCBQI,qPZsAtGCMtTfzxdGySCBQI@outlook.com,TRUE,12-15-2020,bd9c6626f2e5e3c0d489ac619b375801c13f4a203bc67e7b1679e5933034e3b7
ewdtbatTRYo,dJZTWARvNsf,ewdtbatTRYodJZTWARvNsf@outlook.com,TRUE,12-23-2020,c2b24912ce9cab92e0dfaee6d6963237f6661cf21068ee4b039e98ce57bebb34
weNcrqNgGqK,nuGlrCxFaog,weNcrqNgGqKnuGlrCxFaog@yahoo.com,FALSE,12-09-2020,68b218c332d823b79591ae7095ea9d3f844713136f3850e7f2fdbc02d3e0c54e
xsqOPuuqtPM,OLvzRWedPpu,xsqOPuuqtPMOLvzRWedPpu@outlook.com,TRUE,12-16-2020,2d8183e30d8622946e0cc47a2d8e137f6161af10e703a7ba661e79d182df8e26
NGDgKvpORQg,ScWvncOpaie,NGDgKvpORQgScWvncOpaie@gmail.com,TRUE,12-18-2020,587ca32b44a2fd53038d36ede30904f788d70d75f2d7e406621b574e92e70b8b
qyNIWQYIepS,rBLZpQBfQhD,qyNIWQYIepSrBLZpQBfQhD@yahoo.com,FALSE,12-21-2020,8d4af285f7718fabb51cdf15f1fd769170e8d75f5535944385b0924a91d52133
bqYiREpYHXm,lwBkmeSDkki,bqYiREpYHXmlwBkmeSDkki@yahoo.com,FALSE,12-29-2020,6dea00bb27b33895f6d8d33d36dce7fa52aabe3d7d75a7f7053f03774f8e4e97
dGPtkuNbiYs,jOiDdvtOqgl,dGPtkuNbiYsjOiDdvtOqgl@outlook.com,TRUE,12-18-2020,14bfaeb4745f7d26037280711202e45d4c393ddb014ffe1160c52fc0f4bd3cff
qqPZzJsRyEU,ZYLUsJVERBo,qqPZzJsRyEUZYLUsJVERBo@outlook.com,TRUE,12-08-2020,a2e105b90cd13f367890a618aaf44cab8e2094c6b5273542fdf8bf964a0105d5
qIvYCVPfQVz,cazWxOsLcDi,qIvYCVPfQVzcazWxOsLcDi@outlook.com,FALSE,12-27-2020,70095e3b05cb977fe9f2fc89bad70a5011baf4f58798d12d30898d5b38230147
zqqpDdHuaBC,FxfOjsGyuQf,zqqpDdHuaBCFxfOjsGyuQf@gmail.com,FALSE,12-03-2020,3bac744be7f287d15d0a899c70b3af87a653fdb4f5a95dcd1173557ab5e0eb9d
sQJhEJLLVQt,FnxDsIuOPBG,sQJhEJLLVQtFnxDsIuOPBG@outlook.com,FALSE,12-05-2020,b79176e4dba6cc3ce52e03acfcd813760bab7392f3e9e6cb808324daa511216d
YUPOWKqWtWW,EgbcHGgXnKF,YUPOWKqWtWWEgbcHGgXnKF@gmail.com,TRUE,12-20-2020,1e5d4cc2ffd9d27c9985546d78d0e184088b18e7b768be91f52bbaeef1f96ac8
jGBiMhUQWqp,ZnuJvcHyRVW,jGBiMhUQWqpZnuJvcHyRVW@gmail.com,TRUE,12-31-2020,46e5cb54557df30bf0bb5dceccc23afd02dcd943c1376efc57b399de32492179
hhNJUAxrxAT,TKGXJisvxof,hhNJUAxrxATTKGXJisvxof@yahoo.com,TRUE,12-17-2020,14bb1cfa12d74fc8b000a3d7296809032544ab06f500a017a8bbe64fd9bf2a49
ThlUeFVokYM,SyANnISORBy,ThlUeFVokYMSyANnISORBy@yahoo.com,FALSE,12-12-2020,65f5b9192dac963b4a8fa10434e6d1494f52be0123a1acc522358583e32b3476
xsDkyELolPD,xNOBaBdVBlD,xsDkyELolPDxNOBaBdVBlD@yahoo.com,TRUE,12-26-2020,66b3d6a94d274b2a6ccd349eb359dfb761d52f73d44f235b731a0ce4baf41219
AzHLWQYJJeM,TFlTcipWWrd,AzHLWQYJJeMTFlTcipWWrd@gmail.com,TRUE,12-29-2020,5307e628a230e8a3db9e7444a4c6837cf7f46315a4b5b02361d06bc7cefc3ec2
IGhmPdCCdMY,DCzgEymghlE,IGhmPdCCdMYDCzgEymghlE@gmail.com,FALSE,12-04-2020,b6a966ae12a2081cd07a76cfbb5ab30b39e2ff6e9a1564f0db862e8d87a2df28
FXPeVQkKsoO,OEImblNOFlp,FXPeVQkKsoOOEImblNOFlp@yahoo.com,TRUE,12-17-2020,25107dcc5d2348f632865322cce6ff5d8763f61467296f6b3ed6d4796a97b099
PxCVftUtZpW,rLJmbSevWlp,PxCVftUtZpWrLJmbSevWlp@outlook.com,TRUE,12-26-2020,f82059b028bcd62129f3642ff0c3c8bc5bf361575657876e8e5f8a23ad87d5a4
zfvCryfyDSb,XEBfdQCXGHz,zfvCryfyDSbXEBfdQCXGHz@outlook.com,TRUE,12-13-2020,c9e60913becb59fb0e1b430d1aa7988be6ed9380795fe4f7fec34c904e943ae0
TXyAltrsgjW,FzChHGkjuUX,TXyAltrsgjWFzChHGkjuUX@outlook.com,TRUE,12-29-2020,b4a110a397a2761fce4513a1ecb2d06770485b59a60264ca08340c89b23fab33
seizlvodtJJ,SKXIWKVadXm,seizlvodtJJSKXIWKVadXm@yahoo.com,TRUE,12-16-2020,67cd452c571bc4067dcbe7fc98cfce348553fd4b3ad1d84efe1c5c5e69a92ac2
oTjDgsSiyCZ,chSEjPiGKZj,oTjDgsSiyCZchSEjPiGKZj@gmail.com,FALSE,12-29-2020,b7e40b9ef7ddf04089e54dc2e21c837090a83c101ead5be5d1471cbe48348aa6
KebIHawxMUU,cwUxNDoZgQU,KebIHawxMUUcwUxNDoZgQU@outlook.com,TRUE,12-06-2020,fc574ddb3cb857fbbf068272006aafe46bdcc0c54241a1ba3b66f927ccecfcbd
JZUjIFwPYvt,jLARppRRzaJ,JZUjIFwPYvtjLARppRRzaJ@yahoo.com,FALSE,12-01-2020,e02a716368feade75de8e4df83806bcc1f4ea18473f419ac2698d7fa096b0e38
EUQQZkAeTpi,XqDbhUarWLA,EUQQZkAeTpiXqDbhUarWLA@outlook.com,TRUE,12-14-2020,d28405f1d730022f415eddbf2738b5c12aa1152bf0f56718ebddbeee317b9165
sNOYyWPdjaC,vZxfbWAWTuJ,sNOYyWPdjaCvZxfbWAWTuJ@gmail.com,TRUE,12-18-2020,4850812127b959d9b847e9a08f96aab6056e713d2df4924343930b18734aa0d4
OqbZBWTgamJ,yCQfOBZzKHY,OqbZBWTgamJyCQfOBZzKHY@outlook.com,TRUE,12-03-2020,fa50ac012250e997ba920706c425692cee85811d288c635b1f0169be4aa9ca59
zuhbqdsbJbI,NXcvrWMOWYe,zuhbqdsbJbINXcvrWMOWYe@gmail.com,TRUE,12-11-2020,b64bdc692a605fcc7b67d7ae97a9fe7c9fbc9638e3cb8ae5e51476773e00f051
JrfDqUQYxsO,UbYQYGHDtsB,JrfDqUQYxsOUbYQYGHDtsB@yahoo.com,TRUE,12-03-2020,b687f2528e3742f97aa53edd06baf40f2ea419566c56dda4cbc7b618be266d9d
vSncEhZGmSN,mUogpcEcbKc,vSncEhZGmSNmUogpcEcbKc@gmail.com,FALSE,12-09-2020,bf7915121556af91954619d5eee4f753f89e21981e9fd95eec37219ab9b159c1
dRARkDmjdYB,GiaBLdpGUGp,dRARkDmjdYBGiaBLdpGUGp@outlook.com,FALSE,12-26-2020,5c512b00a295c5b4d46db3a2d6b7e44d1d40f6fad430842da77cd9416dfc563a
uKHDHDLsOUV,vMelFnimsUj,uKHDHDLsOUVvMelFnimsUj@gmail.com,TRUE,12-27-2020,103353dca75c7fdefad9029a7f95dfab8b2e2065f0345d6450911db0bfe582ea
DVDCBJXcQOj,tDOuZvetGdZ,DVDCBJXcQOjtDOuZvetGdZ@yahoo.com,TRUE,12-24-2020,469b868138487618b84cb5670b3f8f6e9f52d3af0d1b0fc40e6cc1bca9955129
kZEmEuUDGPm,UBiPDcBySgz,kZEmEuUDGPmUBiPDcBySgz@outlook.com,TRUE,12-08-2020,9d5fc2ca53ec418bfe5b1bbcbce1f7b05a96794ed0c76b87a409d6b1641a0e7b
pRReWCgupAV,vxkLfXankeG,pRReWCgupAVvxkLfXankeG@yahoo.com,FALSE,12-15-2020,8fcfdf4eb7e03c64df9ca2bead6300a7082c12a88b384a7437e7bd02875db957
ZxinJtmVfHC,jlovAyQMDRx,ZxinJtmVfHCjlovAyQMDRx@gmail.com,FALSE,12-17-2020,7c13102ac6cfc119de2819d9631a0050e9cd022ba11fe844535b637189f222a0
mGfYudGoFGS,oOiROYshrfX,mGfYudGoFGSoOiROYshrfX@yahoo.com,TRUE,12-09-2020,1f55b2e81771a145050f9955e71526d94f067926224dbe4e08b4c6e7850e1516
eWQehXaTIeR,TNzAORbJJVb,eWQehXaTIeRTNzAORbJJVb@outlook.com,TRUE,12-07-2020,692950860cda588ea7049ac0a4aca97ea70d352927967b959b5f0e17dc73f631
xpNNXWbYZPL,VrmCfqHUCiv,xpNNXWbYZPLVrmCfqHUCiv@yahoo.com,TRUE,12-05-2020,9cec850632d63d276b8487dafa2fb7ada62d0e4ebe4768d08738f9d33a778f00
CsczjVkSecb,BwYMCXFFuhZ,CsczjVkSecbBwYMCXFFuhZ@gmail.com,FALSE,12-24-2020,dd4afd17a795c565d27b4b08368e543d3d55978c791c1afe7a7c6e77b53e2ab8
YrrRlnyfkVS,GOcxJoNXDtV,YrrRlnyfkVSGOcxJoNXDtV@yahoo.com,FALSE,12-24-2020,d5575584f13cdf9ed8df4980cfcae241d34dfb1b3feb3980396a7a5f1f4f35e3
nnBoXXCSkgd,BMizwweNDzS,nnBoXXCSkgdBMizwweNDzS@outlook.com,FALSE,12-06-2020,44174cc611d179b8b3fa348a535b3c10d6fbd3825e99f6dbec579b4dbce41a45
BPvznGUbdXM,JcLsdVkwjtr,BPvznGUbdXMJcLsdVkwjtr@outlook.com,FALSE,12-10-2020,0e91dcb2cf23114da807ab2b8001c30f369f40aa09aeef9267fe24ce7258aa63
wKxhZwhrGwv,MUXqtnvfZVw,wKxhZwhrGwvMUXqtnvfZVw@yahoo.com,FALSE,12-30-2020,671a351f642a5767b86e4340ec2ca239d7833b3b1145e3e25e652312ce0578ef
DDbbbELcMXt,RklvvZClEso,DDbbbELcMXtRklvvZClEso@outlook.com,TRUE,12-21-2020,1ebb4f6143cc737c4fbe386b0f7cfc65e75d7455c4624d514613b67d13a6cac0
fjvtTfJyviV,kSLlJQWZXdr,fjvtTfJyviVkSLlJQWZXdr@outlook.com,TRUE,12-24-2020,8f0cbc0f858a213acf2117afed9edf11517a75196cf55343e211027a7dfdad40
ptFedMOzxMW,DifaSwidPvQ,ptFedMOzxMWDifaSwidPvQ@outlook.com,TRUE,12-26-2020,77071780053f0c463e5de76ed8878190817bce87cad25464c9e218df1eee6f00
MgtFbsmAaDT,fjzxvHlYPhT,MgtFbsmAaDTfjzxvHlYPhT@outlook.com,FALSE,12-04-2020,ec22d1bbe160e475cca51147b003d2d6d265a8aef3d8ef7d9795ad9fd9b5849c
fpLhYSnABQE,tKEnGbLsfNJ,fpLhYSnABQEtKEnGbLsfNJ@yahoo.com,FALSE,12-19-2020,9fb817a116caa459f1edf4d8812b8479806483486949a38eefca1c86e99cb2d1
VdxoePImlPu,RPrXuyVsTie,VdxoePImlPuRPrXuyVsTie@yahoo.com,FALSE,12-18-2020,dfb1b62c51cdf2f81a6f22a2138861406e5c317f45603691a7e5fb75011f4546
PlhYUqqDSNO,BkYPedlfLZz,PlhYUqqDSNOBkYPedlfLZz@gmail.com,TRUE,12-23-2020,58b8186cb2b79631f38be52d89c6dfd98404e3b6aae482ccd7f42694c0270cfe
xtAoujCcpAc,YcNkebSXqzD,xtAoujCcpAcYcNkebSXqzD@yahoo.com,FALSE,12-07-2020,4d818e0bb416a91f05c605e2c455c8010cd4cff14a2a282f59f798fc38d8c5fa
RiVhlPcHjRW,yAuQEYlPILm,RiVhlPcHjRWyAuQEYlPILm@gmail.com,TRUE,12-21-2020,9c1cd636776e7f0d7dfc0beaaeed696109d169876b1d5c22664749b81c6c8e04
EOSBSrcqBAm,KfqYdFUueoH,EOSBSrcqBAmKfqYdFUueoH@outlook.com,TRUE,12-25-2020,4e7757425c9be392014b599e218d9404070fbf558d7557b62f44b77cb515983a
cZjMpAsMvbf,BirTBMkzpqa,cZjMpAsMvbfBirTBMkzpqa@yahoo.com,FALSE,12-27-2020,71151ca299714bfa3a095c084f4e68b0a484bc0baf9589dcd266e905a59f2a4c
knakEvsEnUE,qaUdaxWqlBK,knakEvsEnUEqaUdaxWqlBK@gmail.com,FALSE,12-09-2020,9e439d659f00bcee9f0809c60babd114b88e653d13aa801092617d6546cd614a
INEksudXcIf,HgCQYLDcWJI,INEksudXcIfHgCQYLDcWJI@outlook.com,TRUE,12-12-2020,e081d64baa8545d7c0c86397eb0b4454a51c9903863ecc0bbec25c28e5886b03
QvFFiAfFpSl,llrFtHZvFXJ,QvFFiAfFpSlllrFtHZvFXJ@gmail.com,FALSE,12-12-2020,194d1fe9cc61911e15302c31379e601eeaee3505909b3fa9f267cf264c1b7e6c
ZYIAUulUlZj,qMPdcLCujCp,ZYIAUulUlZjqMPdcLCujCp@gmail.com,FALSE,12-09-2020,eec9a2f89ba83a557afa1fca9952438389bf2da12bc4e79a140d242b8e642343
KmFoFXjqIBS,kPxZoBnvpns,KmFoFXjqIBSkPxZoBnvpns@outlook.com,TRUE,12-07-2020,8369606ba352881deb01bd51c7248005896ee73bb5becae11f5e7be8b2fc16ec
lJyJOWZlUod,WWbTsqjqcrO,lJyJOWZlUodWWbTsqjqcrO@gmail.com,TRUE,12-03-2020,0b7a3bceb06e2cf9380c3822a3a4eaaed1f55e01db0fcc4cce4beecef80de978
HWomFGRbVSY,JSRkOWiGSvp,HWomFGRbVSYJSRkOWiGSvp@outlook.com,FALSE,12-20-2020,672849af65a46bdcd0960052a0f29378f55c79a5a81289c554ac0bc6ea0f6f1b
SvhdewQNXxi,EadaLxnhjDS,SvhdewQNXxiEadaLxnhjDS@outlook.com,FALSE,12-21-2020,45e3e46e8c972580319b2cbdfc548fc6ebef5cae2d8d5041e82d14bc60559668
oLWnEwyFIap,nQRwOxgctBm,oLWnEwyFIapnQRwOxgctBm@gmail.com,FALSE,12-25-2020,44969793c1f89829af4f8da8e2a97bb5e34087e7d505abb45e4a851c41c94d72
GTYXQtHKitY,vnOPuZswfov,GTYXQtHKitYvnOPuZswfov@yahoo.com,FALSE,12-05-2020,4d91b84a7b2b1873a9b58c1d6ebfcf45c820e549ca9ba52fbdda007dad1d6752
MKIupovKUYb,nvIdNESbzqw,MKIupovKUYbnvIdNESbzqw@gmail.com,TRUE,12-15-2020,02150372dfc736b6996f4200de3bd860fd3c539d76376615dcfad1e1413a1d0f
GjtIBAVJhli,lwCkVkvXhFz,GjtIBAVJhlilwCkVkvXhFz@gmail.com,FALSE,12-05-2020,a69cb22f147aa906b034ecb0fe2decae4023a1ff6be5185ca0e3a696cda1e6df
MDEClORUYxh,kKNoBHRMeHC,MDEClORUYxhkKNoBHRMeHC@yahoo.com,TRUE,12-01-2020,02449b6b2fab0f438e756048126747516923c3bf6af7c3af16cee3baf2b66715
uDMqNULQgsF,FsnKBsIoOvx,uDMqNULQgsFFsnKBsIoOvx@gmail.com,FALSE,12-30-2020,16df49eed9b0fc25d445d0e82355867d2a27954ac5b44feca2141d7b2cea37b8
HdxUGkJkOjA,AmEgImcitoi,HdxUGkJkOjAAmEgImcitoi@yahoo.com,FALSE,12-06-2020,44c64806b519bc49bed0067b5e5092c17e002ac8eff2cc09c6fc379c67178ee8
luxLXYmkzHN,dqnWzlIiLeD,luxLXYmkzHNdqnWzlIiLeD@yahoo.com,TRUE,12-01-2020,f3082fc4d4ace408370e63e8f3ce2e1752c6ea817116265bee804592c75833a3
HicqjOJYpsH,ZNuQdMLALoH,HicqjOJYpsHZNuQdMLALoH@yahoo.com,TRUE,12-30-2020,b21ea766674b0120fea1ce9707c1c5c602dd0f8022652d925ac1e77208351095
xIfbauTIwzl,DzcnOJnsqLN,xIfbauTIwzlDzcnOJnsqLN@yahoo.com,FALSE,12-01-2020,4658c81d7b1b08ebf49b4cac535c2a43cb4991bd2e985bdb3105715d77dd36c3
PvAKttbtHmZ,AtZKhQPNCLU,PvAKttbtHmZAtZKhQPNCLU@yahoo.com,FALSE,12-18-2020,197022b04a84901abc07a47002a73c32bb84a49940c67b11d1c60f7c1e0d237d
HdQDZjpzIfy,RoUnskMzzzw,HdQDZjpzIfyRoUnskMzzzw@gmail.com,FALSE,12-16-2020,57130723959eeffb6e9e138b3596fbdd50fa59347c6de710b7d62469baa63184
oxGlvXnTfVT,VvPFMlEfYVN,oxGlvXnTfVTVvPFMlEfYVN@gmail.com,TRUE,12-07-2020,9b15360c1745fb11978210d028deafd1785df2b24faecdcdc4a77b66a15ef725
phadgfVsEaK,XZDgXUEBLOq,phadgfVsEaKXZDgXUEBLOq@gmail.com,TRUE,12-31-2020,2f12e6fc91ae77b9cf856de727c48f150be158f50229df09e071d539df7b372d
cOOIqbixTgT,eNdpSrAcbbI,cOOIqbixTgTeNdpSrAcbbI@yahoo.com,FALSE,12-23-2020,60c55cdf625d57949bf008523179062225ff70d6e6f138c92518e09e966c1ad3
gHLRFrevMbF,ZEsmfKueavK,gHLRFrevMbFZEsmfKueavK@gmail.com,TRUE,12-04-2020,2677852a4392bb8a056b1c602dcd6b51d3166a1553c90f4ad046d336b8b9fd79
uabboyiExyJ,jjiytCPtwzY,uabboyiExyJjjiytCPtwzY@gmail.com,TRUE,12-20-2020,c069e88b25cd6748c732ba57caabc45c8b56d2786d87d403949ffb193d7f7c5f
KyQHwgXiIYT,WkojOdSuzxT,KyQHwgXiIYTWkojOdSuzxT@outlook.com,TRUE,12-16-2020,ed9c35b56344dc36eb8d7f1e51f74b1d7cdaee22f10d9f449ff4f28913eb9472
pAKrndDomPc,WWOmjhcMpEX,pAKrndDomPcWWOmjhcMpEX@gmail.com,TRUE,12-14-2020,0e333d4605ff3962c277bb3a5e3b66d3a5e73f0ec91ebe1d5100be6b7f0df25d
esHjntZprxo,PLuOzISgqsw,esHjntZprxoPLuOzISgqsw@outlook.com,FALSE,12-21-2020,054e065b117890ee7d64d22aa747275daa8af1a8fc36236965acfaef5bc1e630
jdkXdQLAhng,iEBJOzpJqxl,jdkXdQLAhngiEBJOzpJqxl@gmail.com,FALSE,12-05-2020,42fb66fd65e77e525c8ce71fc65efa0af4a172f593a2040727922d9ce51806c1
BxIXVojICBE,iRjZVyccama,BxIXVojICBEiRjZVyccama@outlook.com,FALSE,12-28-2020,4d7355003a894c048980e2bf1c77ed1c49733797da0850c91fbb25d368c3c434
qhhZRPsqXdd,ayuYnljTPoC,qhhZRPsqXddayuYnljTPoC@yahoo.com,TRUE,12-07-2020,24a64b0311e9fa49bda3c2d3bf57bc4edde5f95cf3d46a20414aa7fcc74fa752
vFpirvZYmpr,tUFUnriCnJf,vFpirvZYmprtUFUnriCnJf@yahoo.com,FALSE,12-04-2020,62c8fb9c7c93837555f8088da78e788cd22598f2afbb3eea07bad4daa12b9f8b
JVEgyLXInWs,bNfChRDFsyR,JVEgyLXInWsbNfChRDFsyR@yahoo.com,FALSE,12-11-2020,bb8ae0fa8c02aa7ab0dae518fea85a241bbc4cf505a5e7bf6485bbe24909583c
TpJCphyNhfH,LsiFmkOxbxk,TpJCphyNhfHLsiFmkOxbxk@gmail.com,TRUE,12-14-2020,64588c3e99f9de5ece962c11330fe3b80af652ce804ba9cff5421f7d62b2e542
KvvoycgGhzO,yvnoEVlwsQC,KvvoycgGhzOyvnoEVlwsQC@yahoo.com,FALSE,12-17-2020,44833395957ae42f09d4b99f8c3b375f458aa42fae4d8825d7053946fc406492
vLvilKfQaQJ,plDzOpBwTVJ,vLvilKfQaQJplDzOpBwTVJ@yahoo.com,TRUE,12-06-2020,25311541cb785e7e5a45e257085565707c270665c39f411162a447323f237c86
aoUBGgqVwgz,wWGZiltEmSt,aoUBGgqVwgzwWGZiltEmSt@gmail.com,FALSE,12-21-2020,e759e5a3c49838f5c6d9d25d2953e06d5ab4845212e5471f33772780c01d6e48
ftzSEcKcsLs,PZoMtqakaPJ,ftzSEcKcsLsPZoMtqakaPJ@outlook.com,FALSE,12-08-2020,fd347e493195d9fea3f899092a500f7a345ee5e34666acb9d1ca011a6b1093e3
UnWoXhkeeXs,FWxwERdiiUf,UnWoXhkeeXsFWxwERdiiUf@outlook.com,FALSE,12-14-2020,08258e799634b42c7661006c34d0c88824fc33932538d12c6d91d252557bb858
PtpRPtyzemW,CAwYNmuQEiQ,PtpRPtyzemWCAwYNmuQEiQ@yahoo.com,TRUE,12-11-2020,9bdd6822b7c7af5d831301df9cb0bd4430571b5bf65e6bf7b295f9c10a38b12c
PkguiGdvLUF,KpLogZQGsDG,PkguiGdvLUFKpLogZQGsDG@outlook.com,TRUE,12-13-2020,9d4988fcfba4a5695e565ad2c5b172ac26ed093e85a8479c04a19dd5339afefa
PuBdbqsVpAX,DukUySLEVXz,PuBdbqsVpAXDukUySLEVXz@gmail.com,FALSE,12-25-2020,dbc181f69fc6b4bdb116c7a088e1ae94ea67949a057dd1ed836baa6cc9e42cfb
VEEEWSaKVNW,hlZsZHWvMbk,VEEEWSaKVNWhlZsZHWvMbk@yahoo.com,FALSE,12-13-2020,62d6c01d6d65f29fa06d98fe7175904be12481c85a8c24e374c0d38aa23c4e8c
qhHbLPBFpDX,cSNVkBpMRNU,qhHbLPBFpDXcSNVkBpMRNU@yahoo.com,FALSE,12-17-2020,20af635b8b11b0794f0843dec0cdc398b7a2dd448671d5c444aed908e91860aa
syFFLwxIxDC,ImNvkSGhKOD,syFFLwxIxDCImNvkSGhKOD@yahoo.com,TRUE,12-03-2020,d4ee42fdb886bcb4d0e6bb1d1545ecf31c1e712270891212adaef04157aadba8
PmRROsuQGoF,kOVlwDamZiO,PmRROsuQGoFkOVlwDamZiO@outlook.com,FALSE,12-01-2020,48955f9ff23448588e623cb4214496956507be62dcf1e958aeca07c320df3b37
kCrNjthQUbn,yLihWaxOovs,kCrNjthQUbnyLihWaxOovs@outlook.com,FALSE,12-07-2020,a643dad0c4e77db8d3658fb962bccad2737746f00442b817f19b983bc7061ef3
cjnaxbIIosv,akGVjUBctnk,cjnaxbIIosvakGVjUBctnk@yahoo.com,TRUE,12-25-2020,2fe7f0b54e010cb78973153ea5c53fcc9a2dff4366950abd34497d2cc2d658fe
VpXCJuYQOZV,BWFbIqaIfZR,VpXCJuYQOZVBWFbIqaIfZR@yahoo.com,TRUE,12-30-2020,2de24df33fd56b7a40b79f0bca7de3fc06c13a1447820fb9c156e8cca22ba340
CLcWdBjsMlr,yKNiaCInaHH,CLcWdBjsMlryKNiaCInaHH@yahoo.com,FALSE,12-11-2020,377a649030d0ac2fc7169b20179c7b6f725bffd1832b4ed4f6790a9553deffe9
GaMeJdAgILR,mAWBwPYdNyR,GaMeJdAgILRmAWBwPYdNyR@gmail.com,FALSE,12-30-2020,e19b1d15586c5778b00b3053209d3378ed4f372e8d0ad3b8386f3db33be69dc4
AsrTDlWbwZa,FHVurwrcfvu,AsrTDlWbwZaFHVurwrcfvu@yahoo.com,TRUE,12-10-2020,efe7d5f7d940d0bba0e82169d7843c2792ba301f5a1afc2f5b7f900a606e47e3
ESWZUrApHya,dVZNTTHTmZe,ESWZUrApHyadVZNTTHTmZe@yahoo.com,FALSE,12-10-2020,b844be0c2aa739d93d2261b83d15182ab505e3a53a782b0a887cded144330dc2
rVknvcBpgow,VmyOcGVUTMb,rVknvcBpgowVmyOcGVUTMb@yahoo.com,TRUE,12-29-2020,dfdff55ba5a5cac543da7614d80a98a2fca3fa776b2d56c13a93b1627e6194b4
lUxZhJtTyro,uVBOBSNnqpc,lUxZhJtTyrouVBOBSNnqpc@outlook.com,TRUE,12-10-2020,4512ca15f1e3a2be10973cefc32494c49a8d831aac6fdc7cfc341f06f935966d
oyaxVWByqxX,ARjOTmSGqDp,oyaxVWByqxXARjOTmSGqDp@yahoo.com,TRUE,12-03-2020,131633a12ce7863f452049069b553d99a0d655876b0b61590720e47b3d983119
fhNQftiBtPl,qQwIikgtFux,fhNQftiBtPlqQwIikgtFux@outlook.com,FALSE,12-08-2020,d5c691a07c97b9a0488b8fac51219795f5fc76addbd0464074f69a0a26303dee
dgAntVCJhJy,vuwXegaGdty,dgAntVCJhJyvuwXegaGdty@outlook.com,FALSE,12-25-2020,a94d74ca5e29afc8a9196b086e8d7e6d5efb6ce1f0f7711f618cc34d856ad9f5
WZTVZHITtMn,nVHzHJlByzq,WZTVZHITtMnnVHzHJlByzq@yahoo.com,TRUE,12-21-2020,15023abeded83631756846798785c39fdea89f9bc1deadbd1fc67b07c09457dd
hKeSwEiyptj,QchpQtttzBC,hKeSwEiyptjQchpQtttzBC@yahoo.com,FALSE,12-29-2020,bdff88d32180b4e550cb8f6d08ef3089260c6d8bb02e7a51758e26bb86a2b381
tBVVwnJOdnM,dzbjMkxyfKM,tBVVwnJOdnMdzbjMkxyfKM@yahoo.com,TRUE,12-14-2020,3f0bb4f6f7bf94d48028d536c291edd75ee787d79e2a0208e71b4c4b31a61d63
INOvkeZVRaz,pBGlxVtPjkv,INOvkeZVRazpBGlxVtPjkv@gmail.com,TRUE,12-19-2020,6a152737bd8a3caa7b9cc1736084ac5274c6a8c08bac1faaab34eb4e37c48dff
MCXSXclHfps,uRGFErjWIkf,MCXSXclHfpsuRGFErjWIkf@gmail.com,TRUE,12-23-2020,a28b74ddf038c2cb3dc17789c1c060e66a6deb4f7ef194af46593752b76fee1f
XjxistDZUDI,uNfrxlydubR,XjxistDZUDIuNfrxlydubR@gmail.com,TRUE,12-29-2020,8513a66a13cc86b51771709bdc4714d1b87529fe045e0b615b462079b9f8b3cf
BCmONRVCBKq,odChyoGawCb,BCmONRVCBKqodChyoGawCb@gmail.com,FALSE,12-09-2020,ba060244e83b2bf2739fbc874345a1ace65c199ede92cea3be38a26f1b2d0b61
tXOdGBjVTEc,IQbUiYarfhz,tXOdGBjVTEcIQbUiYarfhz@gmail.com,TRUE,12-01-2020,3e793e36b1783a08eff5c846356d63e3955dddb3efc89119396dd6dd1dee8391
iwuVXJctkvF,iRvbWgMbjkV,iwuVXJctkvFiRvbWgMbjkV@outlook.com,TRUE,12-19-2020,720ff46ca54c871e3d0d33a3e6948bcdfb9347c80754b045b4bce5343b77cd8a
MDEVFqbZTdy,AdVIsddcTId,MDEVFqbZTdyAdVIsddcTId@outlook.com,FALSE,12-25-2020,157e4bd04213146c7497cb900b20c2b5e1d83f7f3d24cb211ca68bf8adb76216
OylPWkfntah,dgYkOWYTCiR,OylPWkfntahdgYkOWYTCiR@yahoo.com,TRUE,12-22-2020,8d49a757fa43ce181f1c8ac99173e5169a5b4b8156cb0b27b13f97e8c2e730f3
bDosSlwOXQp,KbwyZfZjdQP,bDosSlwOXQpKbwyZfZjdQP@yahoo.com,FALSE,12-07-2020,8835d2fc6b0b89c80181ee99ce5f7b30d2c4151f80cb2de69808923a5b7791aa
XNrVBRdpYUH,fYATjptClgC,XNrVBRdpYUHfYATjptClgC@yahoo.com,TRUE,12-22-2020,ab0d8d2ae66961910cef55ed6877de44141648f7548b4254360722ab5430a446
AhDhcOsakOX,vzkRlnvyVZL,AhDhcOsakOXvzkRlnvyVZL@yahoo.com,FALSE,12-08-2020,fa7d71210b9686182167cd7f2a235a15d9664517c2ccca6e6950851461c1b2ed
ecYOnKXrUmi,MjiCtYNXbgM,ecYOnKXrUmiMjiCtYNXbgM@gmail.com,FALSE,12-22-2020,4759c3d279e0c2c95ba4093d2ecae0cb8104e77df4a29a331c79a936803f9236
OwijjseoByb,bonMgwWcuWh,OwijjseoBybbonMgwWcuWh@outlook.com,TRUE,12-24-2020,8873fa1a6a09f05536c86003900c81410cffcf0502ea33a8bb1b6d4944987296
nbVVQTCBIxA,aQxkVqUMOTV,nbVVQTCBIxAaQxkVqUMOTV@outlook.com,FALSE,12-11-2020,1eaac9844958a0a8e7e593c197441ae51e6b46753053b0f650b26fefc700c510
dQacMVscnjv,oYKNRfTWPrn,dQacMVscnjvoYKNRfTWPrn@gmail.com,TRUE,12-04-2020,12bf9b5157d96ebb9540265029a07ddd5a5e8cf1f297d01e54c4265fecd8b24f
CoyKhwVvQvJ,BicUYSQtbyP,CoyKhwVvQvJBicUYSQtbyP@gmail.com,FALSE,12-31-2020,b8100057c93603e5ca4a3d6d76553b60073665157c4f5a912199c05c788bcebb
rZROokedLny,xxCBXNnQvGX,rZROokedLnyxxCBXNnQvGX@gmail.com,TRUE,12-15-2020,c23d091898efb6b2773a72ead66e106173068e4d13d98b7981efca90e5cfab7e
RrdqVadhYsy,KfaqKHJWuYl,RrdqVadhYsyKfaqKHJWuYl@outlook.com,FALSE,12-25-2020,4d9c9c9dd0cdd41ff67a97e28d36a51eba57b334ce78b868da3ad4555de939be
lEbKsROOzVa,HGuDfAxnMab,lEbKsROOzVaHGuDfAxnMab@gmail.com,TRUE,12-06-2020,a873d20ede4ae4e7efcc200febbd4bad6b08685aa088a26fb7bf640f8cd67c51
AgTWhgoyuaI,WLmqdGAKOii,AgTWhgoyuaIWLmqdGAKOii@yahoo.com,TRUE,12-23-2020,0c78fd4518041ebe7a27ada6dd06dc59a70478cd69b594eae05aedb48a38d10c
lpeHjVxHVfY,GSJRecjHTdt,lpeHjVxHVfYGSJRecjHTdt@gmail.com,TRUE,12-05-2020,725ad68f27b52918a21d60b73e8d642178379d123d5f89e272f64e6d7b4ad991
cnvnQRfmpXr,ZzdsVLqROPZ,cnvnQRfmpXrZzdsVLqROPZ@outlook.com,TRUE,12-14-2020,6191e96b88b9e23b63da6b44a48437645d44a444386948734b9011e80537a417
hjkWwWZtPAi,DsASfmaqYif,hjkWwWZtPAiDsASfmaqYif@gmail.com,FALSE,12-21-2020,f5bdd3ebacc47a53881329cad167a0124a8f1cfe97d6b0f35660a36ae17b4d86
ruVfjLUBXcx,rkqrAwDrhKD,ruVfjLUBXcxrkqrAwDrhKD@gmail.com,FALSE,12-09-2020,20307ebc3a92849a9d4221980d08f7de99228676adb22fb97aed545d6d90dd19
CMgfDNEPVVc,gKpmtIvwHXs,CMgfDNEPVVcgKpmtIvwHXs@outlook.com,TRUE,12-26-2020,eb8e9ff50218146b693befd8a968c493524ab2f872762ce6b13a62735a9ae49d
ZNPiQxQdXri,nfZVfacNykx,ZNPiQxQdXrinfZVfacNykx@outlook.com,TRUE,12-07-2020,62b8c81bacd21f317d2373fafc9d093c51b4d01143462bb163d4ed4862c1dff5
EJlOjwxZKCT,vJZxUlqnVTY,EJlOjwxZKCTvJZxUlqnVTY@gmail.com,FALSE,12-20-2020,76e71608a07b361137f79c27a4ecaaccc67dd624b49124c79c5231d4d78bed12
cJxCTNARFuR,SAPvhkRtEEz,cJxCTNARFuRSAPvhkRtEEz@outlook.com,TRUE,12-18-2020,7b800fa0d9a92b918516ddc25df32711235326450172a4690f0a53eb32ad5642
SquRzjkyLqu,eMmAVKdReuM,SquRzjkyLqueMmAVKdReuM@yahoo.com,TRUE,12-21-2020,0a1c8c3f02b72f5e5f44f7f0f7e5fc2fcaeb31ea40529da38d462ece3afc74b1
yXIryeaQQfw,KbCNCaSdSXG,yXIryeaQQfwKbCNCaSdSXG@outlook.com,FALSE,12-06-2020,e1cd904cef0738e827223dbcc56585fd7564df38a557406cf863d47696d5c8bd
nhQEnKzUFos,rhqteVoXmHH,nhQEnKzUFosrhqteVoXmHH@yahoo.com,FALSE,12-17-2020,db4b026fa754c6e0671b5ac7da2fe6ac735155c140014849613371059da7b631
rXAXMvUbTzU,qzrKoILUPkc,rXAXMvUbTzUqzrKoILUPkc@yahoo.com,FALSE,12-13-2020,6de8bb906bc818c0387659392d5cd70dcacaac47bb14ac417b5825f04349dab1
yyhjPTkkjrW,RAzrAlTxISU,yyhjPTkkjrWRAzrAlTxISU@gmail.com,FALSE,12-02-2020,977e47e590d1114ce62e2744128172f55bcf1944951bea0ac761b1901b51e8de
arwqxGnIpju,FXuEYEMbDkj,arwqxGnIpjuFXuEYEMbDkj@outlook.com,FALSE,12-27-2020,26c68ad36372d660de5e97283aaf25781c7c2fa237edb88bd7549c349ef518c5
xzksHjYQTCe,WaBIaPpDdzU,xzksHjYQTCeWaBIaPpDdzU@gmail.com,FALSE,12-26-2020,e6f4b81d7eb7eaf7b1b0f908508830f174bd7d9c56d501aa515548f647485c78
eCkqDGqWGsc,ycBjOPcAMxz,eCkqDGqWGscycBjOPcAMxz@yahoo.com,FALSE,12-01-2020,4c75a92644c8727412bc9af1c3d1e4dac2f61bab7e428ab5574d1a2877a35c67
xIDlpBJbeZI,UUyoHiEAhlt,xIDlpBJbeZIUUyoHiEAhlt@gmail.com,TRUE,12-17-2020,4c51f82a30ac53b5dfe743d6d01edb85d978e1ec76ee51e38625ea5534a59734
MhtkgANedpu,QNTFFjRFhou,MhtkgANedpuQNTFFjRFhou@outlook.com,FALSE,12-05-2020,1dd70e648125e8cbead640053d8b41e8cf992efc73a58f1e38e0355916657e85
aVytKTQBLIg,AxlZmcywajT,aVytKTQBLIgAxlZmcywajT@outlook.com,FALSE,12-19-2020,bb6f26d034db12be5051225eccd41d632ba98f3fbc1ca3566182d9da0c6acb37
PmOXQFocJRQ,shRBmseSmla,PmOXQFocJRQshRBmseSmla@outlook.com,FALSE,12-14-2020,d8d8d488b1734a6b80cd3bc5e67c5d2c4875b3401aa514e9054b6f545ac361cc
LSebmRTSyqZ,TjqmctcrtkK,LSebmRTSyqZTjqmctcrtkK@yahoo.com,TRUE,12-02-2020,d5c283b2c331519a69139585a12afcf8a413b1c3f2e43c4b19b376694c4a0ff2
zyckulHpLjD,GpqjsVMZOqx,zyckulHpLjDGpqjsVMZOqx@outlook.com,TRUE,12-21-2020,dc7aaffca6aa69d296bb347be3220c3614dab00c279dbfd189443faba9eb8b85
RFsZHuNubqv,libgLXrVDel,RFsZHuNubqvlibgLXrVDel@outlook.com,FALSE,12-02-2020,5e004b4b21c02194a237c376c99d16c8661e1a23f3795bd72bcc2b610386d81a
QuIcNFzXsNY,wALDHRxwyHz,QuIcNFzXsNYwALDHRxwyHz@outlook.com,TRUE,12-29-2020,e691cab6bc075f62d1daa091067d930d06de5c10dfa2de846124fb45d2cebb8f
IwlztBygcYX,DnfCSmNrfUB,IwlztBygcYXDnfCSmNrfUB@gmail.com,FALSE,12-13-2020,720d29f57851e35c57aaffed04b7a6016181ccf4625d44fbd38066507aa0ae59
bvjvTQJfCfH,ijDHgVPpVcv,bvjvTQJfCfHijDHgVPpVcv@outlook.com,FALSE,12-27-2020,fe525f2f99fffe027553e1ac8ab7b353b5afb86596c611bd850c6bbfff0a7959
RRwByxpvqvv,DQPxOPqICkW,RRwByxpvqvvDQPxOPqICkW@yahoo.com,TRUE,12-24-2020,362080bc4ba8034fd23252f2e19d726e7ff22274a082fe6b48ae749be26bd656
spumzlqkcBw,PAMmPCzzOLc,spumzlqkcBwPAMmPCzzOLc@yahoo.com,FALSE,12-17-2020,1b985c36a3e41310b63e4f87b5af1eaa0f412d0cf3db3cc332ee93dd5c0af4a3
RqvRSLTnkiw,cRIKetXyPxC,RqvRSLTnkiwcRIKetXyPxC@outlook.com,TRUE,12-27-2020,749cd8e8a201324c6d1f4472c89a8c135f87817e003fc98dd8b41f46fb20d340
GnqEnzNxwWm,BEaAkMfdLhm,GnqEnzNxwWmBEaAkMfdLhm@gmail.com,TRUE,12-02-2020,215c3bdda31abae5e3b8ccacbe91a97ca78d8dd209d0150fe9d074432e46d20b
stzrWJhJuYl,AzsAkdnJHzD,stzrWJhJuYlAzsAkdnJHzD@yahoo.com,FALSE,12-08-2020,a1cfcf343420282dba0c6e7d875230e980027c95588d5a2bfe76be9597e3cf29
RQLqATSQQvJ,drjMlKlBvWx,RQLqATSQQvJdrjMlKlBvWx@yahoo.com,TRUE,12-13-2020,92272f94e594d519a2072ba2e185add0201b640cd745d271276d2b7338b0c0e1
iKPwjOWarKg,acDmqIfKchR,iKPwjOWarKgacDmqIfKchR@gmail.com,TRUE,12-09-2020,348905b81883df236a8e811cd59f404093658f49ffff8c2f9466d16c1faa5e39
sZbPkFSkPMw,AqbmecfsFUr,sZbPkFSkPMwAqbmecfsFUr@gmail.com,TRUE,12-16-2020,cf24583a5e0d2de71dd74ab99470c341f3323a1e301fbf1139ea9ca3de07b813
knDAPDxQNYw,rZVPNNsKRTl,knDAPDxQNYwrZVPNNsKRTl@gmail.com,TRUE,12-01-2020,f94113600d6c6c7001c991fdeaa126ca8a1b737a3b16e496f5ac437365991d2d
OyjjGfwURXX,kttLCkwcYzs,OyjjGfwURXXkttLCkwcYzs@gmail.com,FALSE,12-09-2020,09c95209f81e99f6f2011a5da628767f2df69da83882c5970b40a0ba4cb35900
kyGykcaPJrG,nrCGSHazvrR,kyGykcaPJrGnrCGSHazvrR@gmail.com,FALSE,12-19-2020,98b885bc4fd1eab4b0debdeb01294aa2f21c1e71ba532c052b7de77d44a67028
LPXocnCxjew,IoDZPHxJhTV,LPXocnCxjewIoDZPHxJhTV@yahoo.com,FALSE,12-14-2020,dd79c99150569dff251a51dee118f514bee6ca439d912ded1f4cbb2a2093d241
MvPNtQPOKYV,lxDnlnHxiBd,MvPNtQPOKYVlxDnlnHxiBd@outlook.com,TRUE,12-16-2020,d67404e7496b07f4cff7b1ccb5c9e49e2615482d105446824139306a519da9a2
rBfSoJzObAJ,TdorpqATFyk,rBfSoJzObAJTdorpqATFyk@yahoo.com,FALSE,12-24-2020,00028e6e7dce9aaf0b028f6d0c6f07efcbf2cee3e5cd3501e0cf0d334e6a27bf
hjfwCETvYqp,KpUOfVCVtIn,hjfwCETvYqpKpUOfVCVtIn@gmail.com,FALSE,12-21-2020,2559b9a458d35625f8b5edece6ecc82826640c909a4fd151cc666e9f38556fe8
NAFUCzQQPug,SMaZAVbshgo,NAFUCzQQPugSMaZAVbshgo@outlook.com,TRUE,12-25-2020,c4bb196afabd00557fbb5e8922baf4bfd8602f4be85ecb8b630804e55627b7b6
GAezARHsCBs,wAPuyRpJJin,GAezARHsCBswAPuyRpJJin@yahoo.com,FALSE,12-13-2020,78d885cc93c314cbda03bed7dbada751021f746f8b4fdca7ff6afef4ab127ea3
cmVJfzCDtBh,upTssUPNQyf,cmVJfzCDtBhupTssUPNQyf@gmail.com,FALSE,12-31-2020,c028c064e7b17d760cfe858b6251c67ac8589d83c55cf02f35423c0f3b6c147f
hOfJGSRWPiS,zKpoLZGuFoZ,hOfJGSRWPiSzKpoLZGuFoZ@yahoo.com,TRUE,12-14-2020,4fac695ac4f1f74940ae6b02c226799f8eba36d962e4c6fe26cb297b70d488ea
UBltgKdAWTa,lxTbTSruqaN,UBltgKdAWTalxTbTSruqaN@yahoo.com,TRUE,12-12-2020,10f1af8bab6857853ff0b293f052439ca5d02ba8a5aa07f171455454375d80ec
kyaBGXknDEA,XREzAYrNrta,kyaBGXknDEAXREzAYrNrta@gmail.com,TRUE,12-26-2020,db6de8321870fc4e3929fa166a5b61e85140521070e6656487af5622e1d43536
NbaCqzuAPZf,rHbLOqhXMAg,NbaCqzuAPZfrHbLOqhXMAg@outlook.com,TRUE,12-03-2020,8018742fc695a20bc20c6c094a8736941d279d29ec6e38323bf5544ab2da664e
fvjWoisKjRr,yAmWcHDHsPP,fvjWoisKjRryAmWcHDHsPP@gmail.com,FALSE,12-10-2020,8428e890ef56e0e19f77ac01883880ff40c1ff7fb6710eb78e2839b4f5f2881b
cVQEHzWnkUy,uiwpJGfdIXt,cVQEHzWnkUyuiwpJGfdIXt@yahoo.com,FALSE,12-09-2020,2776319bf50d8548c8069e10a4b800d147a10024e7b91819440e45ecae5e95e9
ApUAHSfjQiq,AlJueeAXAqj,ApUAHSfjQiqAlJueeAXAqj@gmail.com,FALSE,12-31-2020,efacd66c7fb395fd7898ca923b806ecb4a0c4fd47ce79f545f29bc74220dd2ff
xytbfEIJzek,hUSSaDqRYTk,xytbfEIJzekhUSSaDqRYTk@outlook.com,TRUE,12-06-2020,ea95751e4061d5cedd49dcd054c974766a62977d3afb81445079f66d9dc406b4
pVlwqArHPrU,hOVOWXkJGxJ,pVlwqArHPrUhOVOWXkJGxJ@outlook.com,FALSE,12-29-2020,1e0eff76230de9a4ca3b6dec51f30386c52a1bfaa8f0cdb8398e4c911b9e249d
VxkzVbAMgrH,RxGtNZPecFp,VxkzVbAMgrHRxGtNZPecFp@gmail.com,TRUE,12-31-2020,e4f15b2e5cf1c36d59f2eddb04f4fec561bb79026ea7fc475b7450cf4f834730
mlhcpvzpnej,kijyPrCOHuN,mlhcpvzpnejkijyPrCOHuN@yahoo.com,TRUE,12-19-2020,3d394f40a54ed3fd780718fab4be06c6a81acc315e6c95e18dd72772cce4da38
VhwmuUNnEyq,NzuysHokzjI,VhwmuUNnEyqNzuysHokzjI@yahoo.com,TRUE,12-14-2020,6fe40d609512a321bc48474678efbd51ffc6a056588e8f52f235477f32416c14
xAPunmhgRxu,RnElAvoLDik,xAPunmhgRxuRnElAvoLDik@yahoo.com,TRUE,12-24-2020,246e4e4a38ce9fede12528f4066e0192c504d33279f7ded55a03ff365fb3869f
oYAFgxDeGYj,bCYVZKDUgBO,oYAFgxDeGYjbCYVZKDUgBO@outlook.com,FALSE,12-08-2020,c201377419d9be6f0acb0d79b21d1abe470c651fbce9c55a2650b0b176404f10
IGNUWmopUZX,zIHYmzsjrOq,IGNUWmopUZXzIHYmzsjrOq@yahoo.com,FALSE,12-15-2020,97b9e44f14b866e75dca74e96df8df771fb606787db6bc2ab610c19dd892d1ac